dev_hash,name,location_suburb,location_state,latitude,longitude,dev_type,scale_shops,scale_sqm,scale_dwellings,developer,expected_completion,source_url,source_name,nearest_pharmacy_km,nearest_pharmacy_name,has_supermarket,supermarket_brand,existing_pharmacies_1km,existing_pharmacies_3km,relevance_score,is_opportunity,date_discovered
6473e8b0bc8d0614,Charter Hall snaps up three regional shopping centres from Vicinity,Sunshine Coast,NSW,-33.3241697,151.441698,woolworths,,50978.0,,,2025,https://shoppingcentrenews.com.au/latest-news/charter-hall-snaps-up-three-regional-shopping-centres-from-vicinity/,Shopping Centre News,1.12,TerryWhite Chemmart Chittaway,1,Woolworths,0,2,88.0,0,2026-03-06
c5d3e8feaf62a799,Deadline looms for Coles’ test of ACCC resolve but will it blink? - The Australian,,,,,coles,,,,,,https://news.google.com/rss/articles/CBMi8gFBVV95cUxQYlJqVmdzeHlfUE1lLVJDckxVSGpWRWp5MmJBV25QcXJZNEhpVzZOOXVUZ3VSR254TzROWDJONU55cElLV3hnMS1reTRrZEVOaFlRaWt4Y3VFYWJGTExZM2NuQUk5cHVKSVZTTUtWNFFyWWIzUFl1TXVvU2kwU3l2OVVMeHkwVHdPUE9NdWJOdjdXMmhHMF9Od3pIOVN4VU1zRmxrTU1LZXY0TW03Z1ROMWp1Z1FMSGRnYnJLVUtpMnFjYUtLVms0d25NYzlSbUVFelFPbVNQdnJGZTFkaUVxajRZZVFHY0pZQUhDNlM5cTBXQdIB9wFBVV95cUxOY3lYMUdzRUZJZDA0WFBTZWNsQ0ZXMGpEUjRRTDg3NnhMWHhwNi1fYzBqU2JVMEViRUlGUGZHT1ZhamdOZ041ekV6aklnWkttUEpzT0picFJNQnRTa21SZ01,Google News (new_supermarket),,,1,Coles,0,0,75.0,0,2026-03-06
f0d5da1894566a7d,Costco crushes Aldi with just 15 stores - News.com.au,,,,,costco,15,,,,,https://news.google.com/rss/articles/CBMi7gFBVV95cUxNVVpIZlJpTmZjbjFEUnlUWFozVFlSb0pPaEY4UU5jdHRjajFObTA1Slh3Z1VoajJ2X1VaQ0JOREkxcFkxSTBUdmpicDZ3YU40RGJJTG1XNTItX1QtT25VMUJxaVNjQ2ZnRE9oWTVRd1BfMXJwdlFFUGdyR2ZxTHFuOVJiTTl3cjJiM0RuTVVRT1ZzbElhRmtoT2lVcFpOU09hUHo0dUpRTENNWVk5dDB2UXY2Sms2WXF0dWlUOFFVa3ZZNFZ4WHgyNVlvYmlUdmppT1BzNktlcElKbk0yMjRBdGxOYTAzVXBHVlpHZC1R0gHzAUFVX3lxTE15NVJqaUJXZHJ3Q0ZxS3p5cHhGazYzc2Y3SFdVUTAwdXUwWFAzM3o5RGVHQThLTTRQZ1VWRnI5RHNoblowa2t2bGNGMGJFLVZGYk1kckpuTTRlSEhPYm54bVpzeHR,Google News (Costco),,,1,Costco,0,0,70.0,0,2026-03-06
aa33c7a623bbe8f7,Works progressing on new 'big four' supermarket on land in West Cumbria - NW Mail,,,,,new_supermarket,,,,,,https://news.google.com/rss/articles/CBMioAFBVV95cUxQSFpsVHJVcjBFNllYNk9zVmtxbGZwQkFrOG51emRDY3ZjRHl0MmtpQkNudE5IaUhURXhXXzNNZHoyamZhQjR3X21OQVVtUVp3Y0dlYmZQcVEzVzJTRW9GX0RHc2RkdmZqc3g1YkQtbm5WdWlKMlEyNlgyQm5VaVRRcmhGUUdnWS15VDk4YWl3QWp1dDRYOTJEUmZ5Y1JJU0Rt?oc=5,Google News (new_supermarket),,,1,,0,0,70.0,0,2026-03-06
254828552945eb45,From locations to products: All the major changes coming to Costco Australia in 2026 - Nine Honey,,,,,costco,,,,,2026,https://news.google.com/rss/articles/CBMiqwFBVV95cUxQSGZFeTdzUWtDY0QtMjA4b0ZuZkVPTUlPc1FINjF3RUVWMFRSaTh2clV5bEtyTnVTZDZMMl85bWRfLW5DQVExMUU2OUVUV3RIejR6THhYbHpfNmVXRWtQYnE2Slktb3dXTUJCNXhxSGFTUWcxWjV1dUVQNEIxNm5ZWWZzVTc0aWxueXV6ZUJCak5kRF85N0FPQkxZdkxZZTQwLUFpMWU3QnM0Z03SAXdBVV95cUxNcXRlZW5YZG5BRnJZcXBQc1Z4YmwzVzBfT0pRRzk1azdQbzU3angtaDgya2c3T1dhY1JBT2pEYllRbVRaNERialpocF82ZE1YSGJQYXhtc2NzSUpULTFwMHVCSTMzRlV2ckdtczdDQ1NHcHloeEdEZw?oc=5,Google News (Costco),,,1,Costco,0,0,63.0,0,2026-03-06
f7ff3f0807ea5857,New Costco Stores Opening in Australia - realcommercial.com.au,,,,,costco,,,,,,https://news.google.com/rss/articles/CBMidEFVX3lxTE1xb0VTTTVQN0l4anBMTkEtekplbVkzWFZsMUw0VU9XZ3VxNnlsRGdtUTEwTlF3M25CYlAwaXhYY2gyRFd1MlFBLXRURHVQSlVXZmJkckpJNlB0djZxOUxEWG9BQ1lZZVA0R3VtODZjSFZQOVFi?oc=5,Google News (Costco),,,1,Costco,0,0,60.0,0,2026-03-06
f9edbd381e58301f,Costco’s Expanding with 20 New Aussie Stores - K ROCK 95.5,,,,,costco,,,,,,https://news.google.com/rss/articles/CBMijwFBVV95cUxNVzM4OG84U2ZEQk5XeDBQa2ZaRzJYN3NiRFNnTDJoZjZVdUpETWFxQUdia1dpVlY2MnFabXpxRXNFUThPRjZZTXE3YVd4ZTV3N1dBUzI5OUN6X0JuVERzb3hZbHVlcU16LXZXNjhrV2V2UkdMUi0zV0M5b2VRTlBjUXh1bFBoekt4NVZsUTVITQ?oc=5,Google News (Costco),,,1,Costco,0,0,60.0,0,2026-03-06
8aafdffd7f0f353a,Costco reveals plan for 20 new Australian stores in just five years - realcommercial.com.au,,,,,costco,,,,,,https://news.google.com/rss/articles/CBMiqgFBVV95cUxOTG9iVVRjOFE4TTJHSUxLVzBXb20ydFNQd253d3ZvLXBhYmFEMS1GaTQxeUtORDhJb1dpMXJiTk9ka3c5VnB1RzBzUldGemhGVzJaQW5zeE9XNkoxams1UFFBOEE2VXBKUG1UM2Fvb3ltMkVDZE1odVhIYTdCVVN0YTdVTXlSQXZ1UXVfNEI5QWs0bzlFYjh4bGFYR1A2VUp0azlmaW9tUlhnQQ?oc=5,Google News (Costco),,,1,Costco,0,0,60.0,0,2026-03-06
12fd65150a7964b3,New Costco Stores Opening in Australia - realcommercial.com.au,,,,,costco,,,,,,https://news.google.com/rss/articles/CBMidEFVX3lxTE1xb0VTTTVQN0l4anBMTkEtekplbVkzWFZsMUw0VU9XZ3VxNnlsRGdtUTEwTlF3M25CYlAwaXhYY2gyRFd1MlFBLXRURHVQSlVXZmJkckpJNlB0djZxOUxEWG9BQ1lZZVA0R3VtODZjSFZQOVFi?oc=5,Google News (new_supermarket),,,1,Costco,0,0,60.0,0,2026-03-06
0ac79c38b47f4125,Costco unveils 6 new stores by April – and first three are open TODAY - the-sun.com,,,,,costco,,,,,,https://news.google.com/rss/articles/CBMiekFVX3lxTE9EYm1FVVVFeTh6UDN5NzVjRlg2NlRoMVQwdkVmekNfYmxzc3l0M3BoYW0yTGJFNm16MTRDM2hMdnpFVXljU3dsMG52b2tRSWRTWWxYQkhsWkE2cG9Obk5NT0RPSmdtTWlPMkRGT3RoWkM1WmN3QlFmM3dR?oc=5,Google News (new_supermarket),,,1,Costco,0,0,60.0,0,2026-03-06
a08de52759b18577,"JPMorgan Chase & Co. Increases Costco Wholesale (NASDAQ:COST) Price Target to $1,050.00 - MarketBeat",,,,,costco,,,,,,https://news.google.com/rss/articles/CBMizAFBVV95cUxPYktWSHNCR3VMSmVsSmw2S2l2S1BPVTIxVFdWXzBrQXFWX0YtaDVYaFhVVWJvSVExQXRhVjFQM18zU2p2UlZFODgxcG1ldDhaM21zbzNTeldfWWdTVkkwazM2UExrNG9qOXg3Mnp0MmZpQlRUUXZQeEFMS0hZVE16MWJYRm15eUhmQzI1QWFScTB0MGx5a2JHeFQ3bk14aHFwM19qc1c3SDRvUVdqd1hjZVJ2RFdDWmFxWEc5WEFXRkEtZWEzeHBSbERXSGo?oc=5,Google News (new_supermarket),,,1,Costco,0,0,60.0,0,2026-03-06
c0c211bc9a3a1bde,Everything You Need to Know About Buying Costco Cakes - Parade,,,,,costco,,,,,,https://news.google.com/rss/articles/CBMiTEFVX3lxTE9SOE1Nc2ZPeWxRYlVCeFlJbjNtbklGNk9GaHdZRU9oSlI1R1c2WGExbjBsQUp0OEtYRkdkSVpaY3UwRkVlTlc0a1pqcWs?oc=5,Google News (new_supermarket),,,1,Costco,0,0,60.0,0,2026-03-06
1a6fc43216900bbd,Costco location expected to open in Oakville next year - Inside Halton,,,,,costco,,,,,,https://news.google.com/rss/articles/CBMitgFBVV95cUxPN0NERERDTTBQNHZhQlBEaXJmMm1WYnR5Zktxd3F2NUR1cVJ3TWRuU3NrVXpfYkdmYWs4TVgyN25HNjYybkkzOTBRQlN3NllUV0xyRTUyQk5FLWFJamJjNDZaMUo2NFg0eHJJWDVwTThmMHM5STNnMEZ4NXBTZmtTNFg0SWVjOEpoNXVIMEMzcFBTTkd4aXNsVy04d1JvV0hEcS1iNUI4Y2FZZUk2TnotaGRxaDBrZw?oc=5,Google News (new_supermarket),,,1,Costco,0,0,60.0,0,2026-03-06
a24d3d4ba438f605,Early works contractor appointed for new hospital - Infrastructure Magazine,,,,,medical,,,,,,https://news.google.com/rss/articles/CBMikgFBVV95cUxPbE5DdE5xcW4wRXU0NW9pZnpBWFJvSW9XN1hZMW1rNGRhamIzbDBkdWx1VGMwS0RwUERqTjQyMkdtc3hXSW5NZG9YMFRwRmxfQm41cm0xMWQ3S18zMFhfdkIwU01hOWlHLURWNXVBVi13V2syUkZDZ0ZkT2MxaGhwVWllTlI2bk45MUVSYzEtOTVnUQ?oc=5,Google News (medical),,,0,,0,0,60.0,0,2026-03-06
8c11405d08cdb634,April Group and MaxCap join forces for healthcare buy - The Australian,,,,,medical,,,,,,https://news.google.com/rss/articles/CBMi8AFBVV95cUxNQVNlVy1RNTh2dkdWOW93bkVId0RTMEhlbi12eU9EeWRKSXJTVDZMY1poWWJQQ0hxVEdObF9tbzFVcGdDbUJFQy1sYUl0d3JPd0FNS1B1dHNWVHhUYUhlTkRXQ3FQN205VVZNREZ0QWpmRGEyaHVjeXdGUVRkWUJKR1pjT09qZWRtV2RKME5NYnFvcWVBOGFaRW5VVkozQXZSMzRHSUp3MFBwVFdCNXE1U09jUk5hRklzT1BiTC1EaERIOE92czVGTUlfSDd4UFVkRFBGaGx0VHQtdFc5V0QzRWRqOU12UGdQb1lITUVGSXLSAfYBQVVfeXFMTzJnZGo5N19qUjRWSTFwSHNNbXd0eENkelRPSlIzS2lkOEZJUUdsMWhqRlJST0VkMFc5bGhkOFk1SHltS2NiZ004Qmxncy1yN3p6ZTBPb294N2xhRDB6aDc3VWZ,Google News (medical),,,0,,0,0,60.0,0,2026-03-06
dae7498e41e7b8fc,La Trobe Precinct - Invest Victoria,,VIC,,,medical,,,,,,https://news.google.com/rss/articles/CBMilgFBVV95cUxNdE5UU2lXdnZFTHFIUkR5ZlJBMnhGa1NMXzVXMzVuREk4a2tCM24wd0t5ZUhvMlliUTFOLU0wQmR2TnI5eS1JVmhiOENDRzFxb0NOQjZWYkVwNkNSOUg0X1N3dGRVRzFPdXZyUmJyMGpVcm5pUXl6Y193NlhDX2pJdGxtdC1YcWV4M0NaTHlYZXhXT21YN2c?oc=5,Google News (medical),,,0,,0,0,60.0,0,2026-03-06
f7da9e793ecf48f6,Labor pledges new mental health units alongside SA emergency depts - News - InDaily,,SA,,,medical,,,,,,https://news.google.com/rss/articles/CBMiuwFBVV95cUxPVWRzSjJ1XzVDdGlSQmo5UnRvT2hXa0lValNUb2FSaDlINl9VSnpkaXV6NllSc1o1bGxYeVg4NmZDOV9KYWp2NTZzRFlqVFdzcWJ5LV9KaExMbEhUTmpHOW00TDRZMkxJVlh2andGN0hZUXFTclJtaWwwTWgyV3ZEN1ROd3hmVzhwYnNJdTJPbjR5Z2ExSEYxT21fR1dPSG5mSi1SN2liWGI3Ty1fcE83ckdrUU1tT1hvMmdR?oc=5,Google News (medical),,,0,,0,0,60.0,0,2026-03-06
bd8d5be9518484d4,SA Liberals promise stamp duty relief as Labor shares plan for current WCH site - Australian Broadcasting Corporation,,SA,,,medical,,,,,,https://news.google.com/rss/articles/CBMimAFBVV95cUxQcUhsbjV0bXJjekc1Zm9JZEdoaWEzWkFORWdVem1DSUYzVTcxZ3RCSE81NWYyUjhLUTlTVEtyR0tQaXRSYXg3Q0pHOC1zZG9aR3duaUV1SG5MUHY5dW1fdDRrQ19IS09vbERST0pDc1lUSnZTazBQcWFqYmstSDcxOHlodmV4MjUwZGFqcTlNOUpSUGtNVi02Xw?oc=5,Google News (medical),,,0,,0,0,60.0,0,2026-03-06
7e47a116ae188264,Construction begins on $85 million Deanside Central shopping centre,,,,,new_shopping_centre,,,,,,https://shoppingcentrenews.com.au/latest-news/construction-begins-on-85-million-deanside-central-shopping-centre/,Shopping Centre News,,,0,,0,0,55.0,0,2026-03-06
2e704b556775fdae,Coles to bring new HQ and small-format store to Docklands - Docklands News,Docklands,,-37.8175423,144.9394923,coles,,,,,,https://news.google.com/rss/articles/CBMilgFBVV95cUxOb0doS2kwcEI0VWpRNm5oem55R0pYT3ZBRzktb2YwNmx4YTBZalpGazJQNUVfbmVDTHI4eDRHSG9pS0hHcVFmXzhPLVZ5aHBNVkFSbjJNQXVJOVc0cjZIWjRaN3ludFpuQWgtRVVyMktVRGJaUzRwcFE5dHlHTl9GN1ZtbHRxeU5LVTFvT2VGOXdQeTBmaUE?oc=5,Google News (new_supermarket),0.49,Victoria Harbour Pharmacy,1,Coles,2,56,55.0,0,2026-03-06
e0ca441f6932b791,Coles Has Opened Another of Its Swish “Local” Stores – This Time in Concord - Broadsheet,Concord,,-33.8556716,151.1067667,coles,,,,,,https://news.google.com/rss/articles/CBMioAFBVV95cUxQVHByZ0tlbzVmX2JjTG5rRnJPUXNOX09QNUxwYkRZdnZISXJKZ19nR3ZGcHhKTzc4LUZhMGxGdG5Nb3VaWEdHQ29ZS1Q1REpHdHREUmFLNGlzZEd6dFJ4d2M3M1hhQjNxcTNCeHR3Y2packdWZmRYWUphUzRFTS0tZHFENVY5MWdqeFY5MXRja01BTHpZUjhPVWgteU5fRldw?oc=5,Google News (new_supermarket),0.3,Friendly Pharmacy Concord,1,Coles,2,26,55.0,0,2026-03-06
01ab7fecf3f726ae,Weinam Creek PDA: Setting the record straight — by Cr Shane Rendalls - Redland Bayside News,,,,,new_shopping_centre,,,,,,https://news.google.com/rss/articles/CBMiogFBVV95cUxORTBVYVJWdUxiX0NzV2RSbzRVblNpbHFGdUE3eHJrRWx3d3FhdFM5S0F0bmdLRXBMT0FoR0VRWThyNldTSkhCUmNvMTVaOS0xMjBncU1OVUtYU09rallfN1d5Zm9neVBRZEhQdVVyaHJabHZGYzJlYVVJazhuYTVzenVyb0lqYTZoNnJCNVVKaWI4YmpnbEdPeXU0V1JLaHBLT2c?oc=5,Google News (shopping_centre),,,0,,0,0,55.0,0,2026-03-06
33fc2227cbfc498a,Fast food retail experiences strongest network growth in 10 years - Shopping Centre News,,,,,new_shopping_centre,,,,,,https://news.google.com/rss/articles/CBMisgFBVV95cUxNbTJqUHN2amFmOGpHcWRuT283dTRjX1ZScTlsaHVRc1Awa3ViMTNBU2h6NVZadkk4N2hWVV84SlRBajRKdnZCeUhpemxEbFEyZXZkY2EtU2lUbjZfME9lOFN0M1R0QUpGYVV6ZmFtZ0pDbDh2eDVCRE01QWpkcDVOcHpPVmEwbjVkcW5ROXR6WHRJRllLcnF2ajBBT29rUjVhT2h5QmtZV1hqLXFWY0FWOW53?oc=5,Google News (shopping_centre),,,0,,0,0,55.0,0,2026-03-06
55da6b00ec3594d6,"The ‘big box’ sector has come of age, now a cornerstone of Australian retail - Shopping Centre News",,,,,new_shopping_centre,,,,,,https://news.google.com/rss/articles/CBMivAFBVV95cUxQd2h5QlJCblBXS2dOTngya3BiZThnS2p0d19vSnkxMFUxR2ZGaXozRjlCc0FUUDFTWS1JV3JESC13ZWFFZnBXRzVObDFfOWc1VHY3NGNoU25iUkhDWGtGZjh3am00R0E2NFRzZ0FXeWtyYjgzTndZX3VUTDZnWUZESGJQdkdBbTdscF9XNWFXWkM5djhkaXJEa1QycmpIelN6Z2RiWVNPSjVpQkN6MTZzSk5XWlRCRUNNeVB5Zw?oc=5,Google News (shopping_centre),,,0,,0,0,55.0,0,2026-03-06
508ab4437e0e5129,"How City of Casey will house 500,000 people by 2041 - Herald Sun",,,,,new_shopping_centre,,,,,,https://news.google.com/rss/articles/CBMi6AFBVV95cUxOTk1kV2xZeDBnTDZkLTlWX2xNa2M2bUo4dHJ2N1ZoXzFIRXhhVjM3M3VLVEE2Nm9JVVpqQ0dkY05tNEhUcTZLMGJfZGFaUHFkU2QtenRISTNzV0hSYzFYUF9sN05ZbkpXX0NIdlBuT1Ftd1dqa2tvZkUxV3hyWDBILWFzNU9nTG02bE80S2J3UGlwTlJqSHNCZklsSmtyRW9ldGc2VTF1ZHA1SEtHOVgySWRnOGszcWhDNE11Y0JyZ281bU5paUVuV0FrSGFPT1M4VVdoRmpib2ZBTE5UeEc3ZkdnZ1pVYW1l0gHuAUFVX3lxTE5FRHA3c2ptM1FXQ2h5Y0UxOVJFZUYzMFAtcUREMi1XNWpwS1hHekpOTmFUYnFIMkxQZXVGUF83a0kwRW5ncHJqbFJCWElVd0ZwSlNVaHlCaXdwRnlCVGZWbGhIMXVRZFhld0E,Google News (shopping_centre),,,0,,0,0,55.0,0,2026-03-06
43422b69993dd90a,Sales suite showcases vision for Capalaba Town Centre revitalisation - Redlands Coast Today,,,,,new_shopping_centre,,,,,,https://news.google.com/rss/articles/CBMitgFBVV95cUxNcXhCWS1YVndRbWdwY0o2VFhRWTZuWHpLUEVMZk1nZXE3OXVuTV93ZWhyQ0RLeUF1NjA1aTYxTVgxSEJEV2VzV0gtVkJpdVNVVGFtb09pZGYwNjd5eUpGYWk5b3dKUkV1U0ZwZXZpWGFMbXI3T3RPTmJXdUs5Ml91bUlCcF94bnFtUUdjMjlRZVVOUlRTN29Cc1pRaEFoWXFJREtiTkdJZWczRExCWU5weEw0RkJFQQ?oc=5,Google News (shopping_centre),,,0,,0,0,55.0,0,2026-03-06
4b539dd850ca756b,300 homes: New ‘catalytic’ town centre starts construction - The Chronicle | The Chronicle,,,,,new_shopping_centre,,,300,,,https://news.google.com/rss/articles/CBMi9AFBVV95cUxPNFJWVmFRWnFLckJmbXlJeWxYSF8tYVk3YWFuSkZnSzd4VGM3ak0xRnBvNW1BWjExdU5fNXB0b3J1bmE2NnhWaVBDTlZUTzlHWUFaT0pEdUZRbE9sTlEySmJ6RjNYQnJiMkpXX1ZuUHRJMG1VRmFrM0FxbWRvYXgyWEtROC0yVGExXzJnd2ltcE9NWmxGSEhXWUwzYU9vNmVlSkowMlM2aUZTQU9mRXI0cU5WUnVqZExteEw1Z05DQ3EyaUI2ME1KeVpCdnNWOUJSSnhaQWhLY1NaY2x2ZVZCclU1YmYtWWtDam5sdnljdG1MbTF00gH6AUFVX3lxTE5sNGZLS0xOeDc4NVlNUEc2M2NmcXV1NTlxM0Y3THE5dWcwSDRRdTQ0ekljMFdyTnVRbmRVMER0MXJiSVNpdk5VRnUyMWVMUkdtS0hfXzZqTTlIbkNBUDc,Google News (shopping_centre),,,0,,0,0,55.0,0,2026-03-06
78b5918f98b8b8a3,Melb $88m shopping hub to end parking hell - News.com.au,,,,,new_supermarket,,,,,,https://news.google.com/rss/articles/CBMi2AFBVV95cUxQVnlfN1NyLWFUeWpvREY1aVhZTy0zZ3B5dkdwMS1CZEl6RTBfN1pIbkhaemtwaU53dVgzNGY0cUVNN3F6OWM4aWp4UUVyamtJMnZEVE5RVEhxRE9GRUtNZ1VnYXhtM29aSVpKM3VOMmxTUVpibjJ2WmlzdGRXMlk2ZWhpbVp1VTJiX2tydFZqeXZJWXRyN3o0UUpVSUstdFRtdWVqbFA2ajhzRmVkcS1wTHh1dkhJM3dEa2VSUmlwRU5NSmF2TGVLejd1R2tZQVB4eHl4aEVCMU7SAd4BQVVfeXFMTTItbTd3ZlotN2JfVUlFc1RpTmxQM3pxQTdZd1hrVC1GcExvR3UzdlpXaEdGa004djFLcDZPalRlX0Y0VFRBV24wWm94OXRtcWpIMlhILTUxV0xvUjh6cWxYVk9OLXVlaW9iaFh6UzVVX0VkTXZBQmZYRG9,Google News (new_supermarket),,,0,,0,0,50.0,0,2026-03-06
befd34c95ed9af68,Southgate Shopping Centre sold off-market for $33.4m,Wagga Wagga,NSW,-35.115,147.3677778,coles,,4851.0,,,2025,https://shoppingcentrenews.com.au/latest-news/southgate-shopping-centre-sold-off-market-for-33-4m/,Shopping Centre News,0.3,Blooms The Chemist Wagga,1,Coles,6,7,48.0,0,2026-03-06
507407b24c9b5d33,Avoca Drive upgrade at Kincumber - Transport for NSW,,NSW,,,expansion,,,,,,https://news.google.com/rss/articles/CBMilgFBVV95cUxOTEtmUGIxZFk3dmhyd1dtNmQ3RFA0aEhrU0I1OG1oemtvNlk0X0xIamhIVUN4VFhIN0NRMEtoUXh2eTVCMUhPaHQ5UlZvcUZUeHUzdFFZbzlDN3o5X20xbUR0QmxVNHBfa2E3bjFpZ25ORFVnODFncm5sRk9RNEh4S1ZoS0p5LXMwVXd5emwzdlNLdmZyZ1E?oc=5,Google News (shopping_centre),,,0,,0,0,45.0,0,2026-03-06
68cea602b15240c0,Construction officially begins on $910m new Rouse Hill Hospital - Felix,Rouse Hill,,-33.6774941,150.9160933,medical,,,,,,https://news.google.com/rss/articles/CBMingFBVV95cUxNRllmZ3RVNWExZUttSVQ4cnVONWozVWZydW5UVGpHaEFBMDRBek5TM3lRQ2d1eGJJd2gzeWxwWmplc2xNb1dPbEJuWE5ualZBNkVra2taRXVnWEptZFU5RDk2RnV0U2JwOVVkdlZ0S3ZBVWVrbDlPVUt6R1lBY2ptVE5qNGptRjg1SUlZc1lGQzZCdHFYNGxDeWtJVG9Bd9IBrgFBVV95cUxOOWNVd1dvdmdJWERkZVhYS0hwc01SM1ViRFplVExqMFZSaUZVTnk2bGo2T1hEVUVLMDJLcW4zbWlhY1VEVEpSdlNrUmM1UXItRFN4SXJxa3NlVDU2TkhZRXNNckJTR0g4YlFuaDZxS1p2dVY3UHBsNkY4UEJqV1FRYmxXTnZkWFFzMWo3LWMyTWFoYVpHQXVxSTRTbW55UHdJY0lCb1dKLWxnTVU0Wnc?oc=5,Google News (medical),0.53,Rouse Hill Soul Pattinson Chemist,0,,2,4,45.0,0,2026-03-06
f5396ad35c3bc906,Why faster retail is no longer a competitive advantage,,,,,retail_precinct,,,,,2026,https://insideretail.com.au/news/why-faster-retail-is-no-longer-a-competitive-advantage-202601,Inside Retail,,,0,,0,0,43.0,0,2026-03-06
768fdab03f9dfbf8,Why retailers are turning to predictive AI to cut POS downtime and costs,,,,,retail_precinct,,,,,2025,https://insideretail.com.au/news/why-retailers-are-turning-to-predictive-ai-to-cut-pos-downtime-and-costs-202509,Inside Retail,,,0,,0,0,43.0,0,2026-03-06
f89d600107547d2f,Retailers warned: Waiting to scale fulfilment could compromise future growth,,,,,retail_precinct,,,,,2023,https://retailuntangled.buzzsprout.com/,Inside Retail,,,0,,0,0,43.0,0,2026-03-06
33104ba141805ee4,Former Perth Hospital Site’s First Blocks Come to MarketChris ThomsonThe one-time site of the children’s infirmary is planned to be home to three towers of up to 17 storeys in the city’s inner-west…,Subiaco,WA,-31.9463298,115.8240314,medical,17,4226.0,1000,,2025,https://www.theurbandeveloper.com/articles/former-princess-margaret-hospital-pmh-site-apartment-lots-for-sale-subi-east-wa,The Urban Developer,0.04,Priceline Pharmacy Rokeby Road,0,,10,26,43.0,0,2026-03-06
96296201f4490612,"Retail property market rebounds with record transactions, says JLL",,,,,retail_precinct,,,,,,https://shoppingcentrenews.com.au/latest-news/retail-property-market-rebounds-with-record-transactions-says-jll/,Shopping Centre News,,,0,,0,0,40.0,0,2026-03-06
d028cd746c322e5f,$1.7B Lincoln Liberty neighborhood project marks milestone with Farmhouse opening - Yahoo,,,,,residential,,,,,,https://news.google.com/rss/articles/CBMijAFBVV95cUxQcmdPTVdiTEx1c3RKUmVMRGxnQzlMaUx2VkZ6V00tbDRIUWtoYjczQnJiU0hDMVdhbDJZckVlSHBFMVZDWFZ4Ry1JVWluT1NKQXZlRENEeThBaVdYSkpoS25ReUVQS1B4czVmZ1dXeTY0TUJINl8zV21Rc1Z5WTZxYXA4NjhycHV6MEo3VQ?oc=5,Google News (residential),,,0,,0,0,40.0,0,2026-03-06
1db93df19e2cb89e,Land prices have risen by more than 500 per cent since 2000 - Australian Broadcasting Corporation,,,,,residential,,,,,,https://news.google.com/rss/articles/CBMimgFBVV95cUxPRk0wZWxPTDhncWhuekN6VVo0UFh6dTdaV3dQOURpU0lNSmFwMmpialBSQVk4dzdRTkEzV0JrQmtGTTR4bHlqODBnMDlaZXViQ01pTHZGUE1XYkh3dGdaWDFSWENWOEt3X0JjUUhWLUg5am9UY1loWGw2bGtYaWE1NEt1Mk1FVGNhVWk4c0lYTGF3V3FMU04xMVRR?oc=5,Google News (residential),,,0,,0,0,40.0,0,2026-03-06
c5a4c41c0b23e629,Photo of 'disturbing' property trend proves Aussie suburban dream is dead: 'Lose both ways' - Yahoo News Australia,,,,,residential,,,,,,https://news.google.com/rss/articles/CBMixgFBVV95cUxNSHNKVWw2MThFdDdCTVYyYVVEYjdEX255blhYbjZmNUpDN3FSWWdRSHM4R1Nfb2xNc2ZEUDhweVE4VC1HeXlGaVJsSktlV0JZVlpHWHlhbFdwei03THpQaU5GSzVCOXJSVm1zQ3dSTjlIMERWLS1US25oUWM1amt3YjkwT0Q5SHU1ajI5NGlXaU5RSUtLR1NaQThsWVdnQk5JTEhlZHdGN2lRTEJNTnBfb0hpWFRWWWl5aTJRX2V4bUlwSTRqUGc?oc=5,Google News (residential),,,0,,0,0,40.0,0,2026-03-06
42e7ea88b1cb44d2,"Huge property-related fee banked by the council, but what is the development? - newsport daily",,,,,residential,,,,,,https://news.google.com/rss/articles/CBMiuAFBVV95cUxQclR5Z20xTjl1Z2FjYmp0UjhpRk1QaHFKRU9FRUhuUVFyNFUyV1VGRHU3a29JMXhCbjNBWlRfaW1sR2t6ZEM3MUFiN25pb2VmSjl4cFViakYxTzFUNnpMZGs3MDFJUmZJdHl1a2F4SHZoXzlRMXdqNjRSQ05Kc3lDOXVPWTJNUTBlYVdaYzJyb21PenYwb0xGcU1kS28zSEtkQWNKVmxZZnBRYVVtRjdlZnlUX3JidjlH?oc=5,Google News (residential),,,0,,0,0,40.0,0,2026-03-06
3223511b2f289af7,Secure Mental Health Rehabilitation Unit - Gold Coast Health,Gold Coast,,-28.0023731,153.4145987,medical,,,,,,https://news.google.com/rss/articles/CBMiqwFBVV95cUxQUV9TUXBrM04xSmRfc3ZaUE9GWXVYczI5ZWtqR21NcnlxTnJjdGFOdkNMbUktVmJJb1VZYXBOcExta0o4ZG5QYmFxN1hiUTRLaXZRblFMdGJPVm13UkJMLU9rWllCczZiVGlmV2NFV3lIVWI4WnNkQU1STHAyR3hqNU93ZVdJTTBXblNRVGRSQmgyQ185ZmdXck9lUWt6UDEtdGk2U0FEbjNCbGs?oc=5,Google News (medical),0.6,Chempro Aged Care Chemist,0,,2,16,40.0,0,2026-03-06
d442ef2e6a388827,Corrimal Village $103 million sale sets five-year record,Melbourne,VIC,-37.8142454,144.9631732,woolworths,,9760.0,,,2021,https://shoppingcentrenews.com.au/latest-news/retail/corrimal-village-103-million-sale-sets-five-year/,Shopping Centre News,0.04,Chemist Warehouse,1,Woolworths,26,74,38.0,0,2026-03-06
cf92115942b7db11,Chadstone Shopping Centre The Market Pavilion One Middle Road Office - Arup,Chadstone,,-37.8822799,145.1001365,new_shopping_centre,,,,,,https://news.google.com/rss/articles/CBMioAFBVV95cUxQQTNiNzVaRUlWN2dYdlVTdkhhanpCb2lCaS0tUlRyYVV0LXVEdUZ2MzdJdDRieTFwb2ZZc0d3NlR3T1VRRnY0bkx1R2owN3lhSjVIdW5QazRNNUtwVFdpdWlSM1ZrVU1jOUxGTDNyTlhGWTBlWWh3em1NRkxTNHYzVC1nU093clVGTGI2V19sbHg4a08xUEd3bmFfX2JkY3RS?oc=5,Google News (shopping_centre),0.74,Chemist Warehouse,0,,2,21,35.0,0,2026-03-06
9765bbedaf24c114,Charter Hall grows retail fund to $3 billion,Sydney,,-33.8698439,151.2082848,woolworths,,,,,2025,https://shoppingcentrenews.com.au/latest-news/charter-hall-grows-retail-fund-to-3-billion/,Shopping Centre News,0.03,Chemist Warehouse MidCity Sydney,1,Woolworths,35,79,33.0,0,2026-03-06
973a994ef9fd1231,"The ‘big box’ sector has come of age, now a cornerstone of Australian retail",Epping,,-37.6523847,145.0315487,residential,,,,,,https://shoppingcentrenews.com.au/latest-news/the-big-box-sector-has-come-of-age-now-a-cornerstone-of-australian-retail/,Shopping Centre News,0.68,Chemist Warehouse Epping Homemaker Centre,1,IGA,5,21,30.0,0,2026-03-06
88d1148cdbd90083,Brisbane’s Riverwalk reopens after $42 million revamp,Brisbane,,-27.365991,152.948963,unknown,,,,,,https://shoppingcentrenews.com.au/latest-news/brisbanes-riverwalk-reopens-after-42-million-revamp/,Shopping Centre News,2.11,Ferny Hills Pharmacy,0,,0,6,30.0,1,2026-03-06
95c827bbf5d488e9,Coles tight-lipped on next move for Kalgoorlie acquisition after hitting ACCC roadblock - The West Australian,Kalgoorlie,,-30.7464139,121.473223,coles,,,,,,https://news.google.com/rss/articles/CBMi0wFBVV95cUxPWGRkNzBGRUtMN2pEUldtSjdKQzdfWl80bUVOY1ZKTGdsMkxna2t4XzhhSFBhUUtIVjgySF9pY1RzX1ZxejJ2MEZ4djZGaS1GN0Q1RlBGSHhDR3Z4Mmd6SkJrX0J4MnZ6WUVST2lBU1BRNzlHSnM0YzVXLVJVTEk1bFZDZGpvQVhtM2Iwa1hKS3VBWEZ2aTlKOVhKekctVXh6Zk9Rd3lwUjFjcENGSTFEQ0V1YlJPZzBTdzFTTV90LUZEMm9ReFF1cHF2c19HU0VGcEdv?oc=5,Google News (new_supermarket),0.07,Kalgoorlie Pharmacy,1,Coles,6,7,30.0,0,2026-03-06
90a0a4e7829a3ae3,David Jones launches loyalty program with Qantas Frequent Flyer,,,,,unknown,,,,,2025,https://insideretail.com.au/news/david-jones-launches-loyalty-program-with-qantas-frequent-flyer-202509,Inside Retail,,,0,,0,0,28.0,0,2026-03-06
7f9a047fc4982e9a,New ABS data shows 4.6 per cent boost in retail spending in July,,,,,unknown,,,,,2025,https://insideretail.com.au/business/financial/new-abs-data-shows-4-6-per-cent-boost-in-retail-spending-in-july-202509,Inside Retail,,,0,,0,0,28.0,0,2026-03-06
9b078b66ff6cc541,McDonald’s set to significantly expand AI investment,,,,,unknown,,,,,2025,https://insideretail.com.au/news/mcdonalds-set-to-significantly-expand-ai-investment-202508,Inside Retail,,,0,,0,0,28.0,0,2026-03-06
c76d1dd86fcf5c7d,"Mirvac Reveals $1.23bn Next Chapter for Green SquarePatrick LauNine buildings and 1800 homes in the Sydney precinct, mixing build-to-rent, build-to-sell and student living, are proposed…",Zetland,,-33.9076623,151.2082183,unknown,21,5127.0,1800,,2020,https://www.theurbandeveloper.com/articles/mirvac-green-square-stage-3-4-5-exhibition,The Urban Developer,0.52,East Village Pharmacy,0,,5,42,28.0,0,2026-03-06
91d0130cc646e440,Region Group buys Treendale Home & Lifestyle centre for $53m,,,,,unknown,,,,,,https://shoppingcentrenews.com.au/latest-news/region-group-buys-treendale-home-lifestyle-centre-for-53m/,Shopping Centre News,,,0,,0,0,25.0,0,2026-03-06
9d26db9ada75db06,"Assemble, Samma’s Ivanhoe HAFF-Backed BtR Under Way - The Urban Developer",Ivanhoe,,-37.7688774,145.0454487,medical,,,,,,https://news.google.com/rss/articles/CBMilwFBVV95cUxOQlg0Q3AzZkZVSk5oWmNjazN2WGxkSnl1ckllQ0pWYVgyVW5NVlVqN2VZa0pYWVlvT2JtVzB0RVY0YWFtMjhySWpmM1d4T19kR1luUm1BbHhMS1pncTdVNjBualFVTHY0RVhfT0p2b2ZMYlRMTVNnYTBwVkJXdnoyMXNrLVNrQzRHaDktLUFJVXZORDk1aG5Z?oc=5,Google News (medical),0.28,Mounts Pharmacy,0,,2,13,25.0,0,2026-03-06
202b48a6fc714e5e,Biggera Waters no longer a 'bridesmaid suburb' as Gold Coast locals jump to Harbour Shores - Apartments.com.au,Gold Coast,,-28.0023731,153.4145987,residential,,,,,,https://news.google.com/rss/articles/CBMixgFBVV95cUxObmRVN3ZOb0lFM0thNV9NTjRqZFZoRW1FU2dNTTFBZ2tfZWR4RUtKdTM0Tk5ZUDNGZHpfT2RKODVIOV9oeDZRQV8xUjRPSGJNT19NMlprWXZXZ0ppa1FxWG5EajVvX1ZFY1Raa0lwaHZqaVJlZVBkdUVpdHJ3Wi1zbzRCRGpPaHJPTDNodS1aS1ZidWMwZUxZT2VVYWlYbWM5eVFaWldiZnFjMnhmeEJzU2hvYWREeWZuVXRtNEpUTTlEd3Q0UUE?oc=5,Google News (residential),0.6,Chempro Aged Care Chemist,0,,2,16,20.0,0,2026-03-06
96f5b37c3fb1dd3a,Chirnside Park finalises $10 million upgrade,Wagga Wagga,,-35.115,147.3677778,expansion,,,,,2025,https://shoppingcentrenews.com.au/latest-news/chirnside-park-finalises-10-million-upgrade/,Shopping Centre News,0.3,Blooms The Chemist Wagga,0,,6,7,18.0,0,2026-03-06
d74500a1f5e2c37e,"Beyond the Building: Guest Experience Firms as Hotel GamechangerImmersive design and integrated services are lifting occupancy, rates and precinct appeal—but it isn’t as simple as it may seem…",Melbourne,,-37.8142454,144.9631732,medical,,,,,,https://www.theurbandeveloper.com/articles/guest-experience-reshaping-how-developers-build-hotels,The Urban Developer,0.04,Chemist Warehouse,0,,26,74,15.0,0,2026-03-06
7af080bc92183023,Costco’s potential plans to open Hobart warehouse revealed - Pulse Tasmania,Hobart,TAS,-42.8825088,147.3281233,costco,,,,,,https://news.google.com/rss/articles/CBMilwFBVV95cUxNNFdrbEJhNU0zUjNndXcxQ1lsc0pHZVBBcGdLeVpOLWE2Vy16Zmp5XzNLNFd4VWozcm5BMVJiQzc5dkhEUGRaMUozbzN6WWRxZFAxdEpjNzZ3MDEzS3lZMGNVaUJjSWxaN3JlajNDSU0yaUlVZTF3bXhQT2pjQzE5MURYakU4WExYbmhRR2IzUnJfb002UU8w?oc=5,Google News (Costco),0.09,Chemist Warehouse Hobart City Centre,1,Costco,11,20,15.0,0,2026-03-06
f7296f8f71e74b84,Sneak peek at Perth’s first north-of-the-river Costco - PerthNow,Perth,,-31.9558967,115.8605784,costco,,,,,,https://news.google.com/rss/articles/CBMizwFBVV95cUxNQnZra2pMakNEUWlFTmhXd0MzbTdVZ0JORmRZZ1dhUURta0d0SGR6N0VfaW9pdmFQZldfSVBvSGpLOGZUdG9xY1d4TDNOeDRITFFNNFJ4RTUtUERnS0RDOWRUMFZIZTFaNWMyM2lpbXlJeERSZ1ZaTFpTMEl0aVFUNG81YnZib3drX09sUHNmR0FJV2JCSUY4VER1V2lLNmdTZmdTUGE3amZydmN2dWpFN0V4bVVYWnhHN2lrYWhnYWRZLTNqekwtakhxV2JhTUE?oc=5,Google News (Costco),0.14,Craven's Pharmacy,1,Costco,16,37,15.0,0,2026-03-06
95e468af2a2be0cf,New Footscray Hospital | VHBA - Victorian Health Building Authority | VHBA,Footscray,,-37.7981339,144.897345,medical,,,,,,https://news.google.com/rss/articles/CBMidkFVX3lxTE5DakhCMUpRVFdiT1ZaYVZMUXJQS0NoeHd4eG91QjNwV1FNS19IQVItc01tN2MxNzZBa29QVkZEZ21oVmowekMtSlR2WTdDVG9wYzA3Vk1paFJidWhsX1dTeTVhVGowcTRLRkRrU1dORElvbFFvSXc?oc=5,Google News (medical),0.13,Chemist Warehouse,0,,10,32,15.0,0,2026-03-06
3b842f122a2e328d,Labor unveils plan for Greater Northern Adelaide Hospital at Concordia site - Glam Adelaide,Adelaide,,-34.9281805,138.5999312,medical,,,,,,https://news.google.com/rss/articles/CBMipwFBVV95cUxNX2xsMXJId2JkdjliejRfa0ZDRm1oOUgyaEFDS2FaY2w3Y21DRURQcVFVMUs2TU1BSXdyMC1tQTBYSFBlVEdNS3gyRVNsZzZuVzJkODYySXBXREFFZ3NkeENsbmZ5Sy1nQWhZWmRUcWd4T0llNlFvZXZ3T2NvM216aWVHN1NZb0JwdDUyeUtYdDFkdHB2UWJSTVR1RmxQSjJtWklHTkNadw?oc=5,Google News (medical),0.28,TerryWhite Chemmart Chinatown,0,,10,33,15.0,0,2026-03-06
3787fc9d5dff595c,New Bankstown Hospital One Step Closer - Mirage News,Bankstown,,-33.9171897,151.0335881,medical,,,,,,https://news.google.com/rss/articles/CBMif0FVX3lxTE5rdUJ6MnpodEpXQWVsSktKblJ0YmNYMlYwTUttQkNPdms4Nm9aSGtWdHZWZU1QcnhWSUNlUERlTWVKbjZaa1NHUGUyc18ydVF2dEs3RFhZSXNCX054cTVHb2NmUVJqa3Vuc1pZZU1BdGdvX1ZyU2c2TEpENl9XOW8?oc=5,Google News (medical),0.03,Priceline Pharmacy Bankstown Exchange,0,,11,21,15.0,0,2026-03-06
f381a7cfa89fa4eb,$1bn Sydney hospital build starts after 10-year wait - Daily Telegraph Sydney,Sydney,,-33.8698439,151.2082848,medical,,,,,,https://news.google.com/rss/articles/CBMi-gFBVV95cUxOY3l5M0hjNUdyeEFsd2hWU0FwRGNwOENrb3NIajdXeUtPZW1JZ3hBUF9OSy1uZE05b3pZMnpLc0FHZkJoRmZkenRUWm5fTVZMalNvOEJ2RDJXUGZmT0hBcVlaQ21heFFSOTF6a1cxbzNTam85elJmSldCNTZLWHFKVDZDMGpiVURwVzF0VW81cjJVbmc0U2hXNTl4Q05feUJkc1JHS0tfazZoZmxaYXdRM1IzVTdBZHFIQUk4UnU3aVM0TGx6Q29TRXFoSW84eUF6QTViTDJ4dGZVQjl4aEN5NWFxYjkxZ1BYbGh2MHREQm1tbTZ0ZXNDdDNn0gH_AUFVX3lxTFB5TURJMHVfOEp6dkdxSXZLbUxwdHdKWU5FTjc3NjJucERqcEdnSWkyWkozWTRVcWxhVHdwRWp6WDZfeHR1bENZVzVOUmstcEswQXd0enk1T2Z,Google News (medical),0.03,Chemist Warehouse MidCity Sydney,0,,35,79,15.0,0,2026-03-06
34cad912c2f218b1,Port snaps up 26 properties in $70m move to create own suburb - Adelaide Now,Adelaide,,-34.9281805,138.5999312,medical,,,,,,https://news.google.com/rss/articles/CBMiiAJBVV95cUxQdDZfS3JpRk8tOEdhUFNaRFk3UnVDaFZuSjdBNFpaUVAtWUh6YmQ2U0IzeTZXN2Q5bThaRW9xaFExUHhRWnFZc0VVaDgxMTNaV0lSWTRYRlNRRmpackt2QzdJQkNzOV9UUmVCQUw0Y2ZldmhhS0VzM3ZjYkZrNmhDeXlOeHlGZjFjRkYzbmE2cjc3Nm56aGVpbnlnVjltNU5OQjRNcXNzb0w0bkVzLS13YkJwaEpxMGJVZlV2cTVQNllQdXk0MnR1VzFKNTlvdlVONkZReHVsVmtmd0tEZ2hEV2ZTWFo0ZmtWX2JYR3V5UlQyLUUyRkNNWm1XTlpIZTVaZUZuTUZIRHnSAYgCQVVfeXFMUHQ2X0tyaUZPLThHYVBTWkRZN1J1Q2hWbko3QTRaWlFQLVlIemJkNlNCM3k2VzdkOW04WkVvcWhRMVB4UVpxWXNFVWg,Google News (medical),0.28,TerryWhite Chemmart Chinatown,0,,10,33,15.0,0,2026-03-06
2311e66f1afb1ea8,"Qld Health moves to snap up pub, units for $1bn - The Cairns Post",Cairns,,-16.9206657,145.7721854,medical,,,,,,https://news.google.com/rss/articles/CBMi5gFBVV95cUxPMEFTVWctU210UjNNcXFJbUJmVDV4WVhLS21yWUdOYy1yV0laTGNVWjlOTFhBcFZSc3lNMkhLcTV4cDZfcC1UbmxvbHNxVDhQUkZSVnNpQXlZM3gxTUtWcDFHWjItMEUydE8yejEyYzFadG93d25MUDVfNG1wNHRKSnlJdHpPdTBJTGw3NkQwWFJxR0JXZDBmOVNQYnpkWnhkVExwME8tMlctWHZtbEdBeDcyLWJtSzk1ckFHUHlURUY3OEcyM1o0T2JVbXFObnZEQzdiQ29CTm1iTDZRUkNLRDhQX0g2dw?oc=5,Google News (medical),0.17,Ramsay Pharmacy,0,,7,12,15.0,0,2026-03-06
8f66a825e63d7397,Fast food retail experiences strongest network growth in 10 years,Sydney,,-33.8698439,151.2082848,expansion,31,,,,2025,https://shoppingcentrenews.com.au/latest-news/fast-food-retail-experiences-strongest-network-growth-in-10-years/,Shopping Centre News,0.03,Chemist Warehouse MidCity Sydney,0,,35,79,13.0,0,2026-03-06
bc38782242125f8b,Victoria Police and PSOs to patrol shopping centres until year-end,Sale,VIC,-38.1094463,147.0656717,new_shopping_centre,,,,,2025,https://shoppingcentrenews.com.au/latest-news/victoria-police-and-psos-to-patrol-shopping-centres-until-year-end/,Shopping Centre News,0.22,Amcal Findlay & Weymouth Pharmacy - Sale,0,,4,5,13.0,0,2026-03-06
7b924093d0061fa8,Retail Property Australia confirms inaugural leadership positions,Melbourne,VIC,-37.8142454,144.9631732,new_shopping_centre,,,,,2025,https://shoppingcentrenews.com.au/latest-news/retail-property-australia-confirms-inaugural-leadership-positions/,Shopping Centre News,0.04,Chemist Warehouse,0,,26,74,13.0,0,2026-03-06
442536b9f482c201,"Centennial buys HomeCo retail centre at North Lakes, Brisbane for $52m",Bundaberg,QLD,-24.8653253,152.3516785,expansion,,11834.0,,,2025,https://shoppingcentrenews.com.au/latest-news/centennial-buys-homeco-retail-centre-at-north-lakes-brisbane-for-52m/,Shopping Centre News,0.05,Priceline Pharmacy Bundaberg,0,,7,15,13.0,0,2026-03-06
1d7ef88147864aa4,‘Fortress’ Retail Draws Investors Back to Shopping CentresPatrick Lau,Melbourne,,-37.8142454,144.9631732,new_shopping_centre,,,,,,https://www.theurbandeveloper.com/articles/tud-sydney-developer-outlook-2026-retail-nsw,The Urban Developer,0.04,Chemist Warehouse,0,,26,74,10.0,0,2026-03-06
f6ca7e51f650e6bc,Unlikely Perth suburb jumps $500k to join $1m club - PerthNow,Perth,,-31.9558967,115.8605784,new_shopping_centre,,,,,,https://news.google.com/rss/articles/CBMi0gFBVV95cUxPQlVxbWZwa251SXZBeTVPeGVBVTZVYURsQk5reWZwcFh6TThxdW91c0RTTlkxLTEwcXFtZmVTWlR5WXJ6SVlhdkNJSXhZQWpaMEM1Yi16WDBCZGpXMFE3M1BlQWFtdzI3eGtPY01GZGRLcW1rcm9KX1BKMTNLVzBIOVltS0lhNGpiM2hmbF9UamF5ZFlNTW5xWEp6X2tHUGQ5T191QmZ4WlUxcmxFOEFoOWNEWW9lOGpKTDliR0lXMnNldENHVWdycm5zQUNxVkxiOUE?oc=5,Google News (shopping_centre),0.14,Craven's Pharmacy,0,,16,37,10.0,0,2026-03-06
82b60c8ac0cec62a,Revealed: The plan to transform one of Sydney’s oldest shopping centres - SMH.com.au,Sydney,,-33.8698439,151.2082848,new_shopping_centre,,,,,,https://news.google.com/rss/articles/CBMixgFBVV95cUxQdzlCZ24wRkU4bURkRWdreXNoSDdTcEw1d0locndtV3ZfLXNMa0VDSDMxMHJMZHlWVmVhb21DYmdnbW1tRXpkMzFTUDFBbFVJVWFkdnBSVklDT2NzaUdzNmRGa1Q4M0Z6TlhNa0J1UkpDb0VVTmIxR3FKdTktWFBxVUJCbmRvakY4Wk54Z1g2cnhmeEs2YXMzUkhLNmhzN3NuQ0dnXzJPN25LandzNUhqUjg0NHlQTHVQX0prWS16SHpZcXExbGc?oc=5,Google News (shopping_centre),0.03,Chemist Warehouse MidCity Sydney,0,,35,79,10.0,0,2026-03-06
077f983bc1329060,Scentre Group to pour $240m into Westfield Bondi - The Australian,Bondi,,-33.8930556,151.2633333,new_shopping_centre,,,,,,https://news.google.com/rss/articles/CBMigAJBVV95cUxPdUdiSGluTWNoX25GNVptRmxtaVpXOV82U1RuUTZ0Mk9vejMwa3hnMEVyblk5dXcwMW1xSDdmMUh1VDQ1MmF4QlU4bGppZENtcTQzaVlQdV9mdG1vMmtoOUtaYU4wU1JmRF90RFVla2ZzQ3dMUy1aUXlIMzI3RXVJV2RNaDVUSkxsNmx2dWo4dWQtS3N1U3hkekM1TFZ5cVhLYkNlaHBubTlfcHE2al9ZN1lmVWJacFFkZ1RSU2RuTFpuQXhqOHptLVFXY09YSEJJakJhRm1ZdlNSUjFKWXhLR3hPY0V1TG5DZEZBMEFqMXJiWnhtUko2QTZWd29DLWg30gGGAkFVX3lxTE9VVWgtd3ppUVhUUlVhQ0xRY3RoQXZLdS1hVEFJbC1sNUFtMjRuOTZoZndXVldRc21lTlVzaTlGcWxrdnZ0RDd2UFEzaGJoc1lRU3R,Google News (shopping_centre),0.14,Carricks Discount Pharmacy,0,,5,29,10.0,0,2026-03-06
af177385cd7658a1,$1.5 billion ‘city-within-a-city’ vision unveiled for Sydney’s inner west - ArchitectureAu,Sydney,,-33.8698439,151.2082848,new_shopping_centre,,,,,,https://news.google.com/rss/articles/CBMiqgFBVV95cUxQOTBxdHQ4Tzd5MDYtcVJXZGhzcWpEMVdzbFdncWdQQ1hQQWFtVWxHWnhRN1BtSmJ5U1BzMU84eTZrd1ZUQWQzM0ktRGRRYXF2c05fMDdpaHZ0a2kyQU5BLTFOYTFDMTNpN2QwZkhXT19NRy1MN1h1cDdReG9WQ3RIX20xandsYjhFSWwzdjRUYkwtT1JXbnd1aS0tdkRkbWtZb1hNTzkyaVRjUQ?oc=5,Google News (shopping_centre),0.03,Chemist Warehouse MidCity Sydney,0,,35,79,10.0,0,2026-03-06
7ab00366814ee10a,"Sydney Harbour Retail, Barangaroo for sale",Sydney,,-33.8698439,151.2082848,unknown,,2600.0,,Lendlease,2022,https://shoppingcentrenews.com.au/latest-news/sydney-harbour-retail-barangaroo-for-sale/,Shopping Centre News,0.03,Chemist Warehouse MidCity Sydney,0,,35,79,0,0,2026-03-06
7285a7076297c9cc,Westfield operator Scentre Group grows income for fifth consecutive year,Melbourne,VIC,-37.8142454,144.9631732,retail_precinct,,,,,2025,https://shoppingcentrenews.com.au/latest-news/westfield-operator-scentre-group-grows-income-for-fifth-consecutive-year/,Shopping Centre News,0.04,Chemist Warehouse,0,,26,74,0,0,2026-03-06
4a3bfcba817a2066,CBD retail vacancies fall to lowest rate on record,Melbourne,VIC,-37.8142454,144.9631732,retail_precinct,,,,,2025,https://shoppingcentrenews.com.au/latest-news/cbd-retail-vacancies-fall-to-lowest-rate-on-record/,Shopping Centre News,0.04,Chemist Warehouse,0,,26,74,0,0,2026-03-06
1a5e36bd69df751c,Adelaide’s ‘second riskiest intersection’ gets $15m upgrade - Adelaide Now,Adelaide,,-34.9281805,138.5999312,expansion,,,,,,https://news.google.com/rss/articles/CBMijgJBVV95cUxPbGlrcWgyY3B6UVNENkpEWGltX2Nnd0RSOFR1LVRULWh0eXlaNFVUZlliV2pXOExnOUtKckxTaWhDUlRFa2MzeFJCNjg4Nk44cmRYdDZGRWo1RHFwYlNIOHNSQWtXTDlCMEJnNVlBdGNGUmNEaDBxYWdydVRpa3ZFejFTM3JGbFFaNjBGQWJxM0U2ZVYwTGRjTVl4MjRWQmpyVHNDTTZTRXBTVXZnanRMdl9ENy1FUm4xTUM0UmxlWlVHczVEX0FTelBTd3RURHVmVmcwN2RJWDZxQWdTRHVWWVhlcV92akptUVVUdUJCMVNxRVZzRERadjMyZmptVVhqcndNcElMdjgxZ2JLamfSAZMCQVVfeXFMTlNiNV9UNldROTJSNmZHWDVGbGNyNEprOFNUMW5jNXY4RVhDTXhFT1dqNHlyVmsyWUltaHJad0U4ZlBxeUV,Google News (shopping_centre),0.28,TerryWhite Chemmart Chinatown,0,,10,33,0,0,2026-03-06
bee546658cdd73a2,New $50M shopping hub for Adelaide’s north to deliver op shops and SA-first interstate retailer - Glam Adelaide,Adelaide,SA,-34.9281805,138.5999312,retail_precinct,,,,,,https://news.google.com/rss/articles/CBMivwFBVV95cUxOOFBrNy1qQXVOSjNWNWE3N2Q5M05xeUtjT01veFpBOC1xQm12WkxvY1NvdmxnSjdNRFlXTWdKbkZkVFRmTEphYmhkNHFydndoVDBVMFEweUtFdzVxSThqWlB0VENZSENnNWdCeEhKNThlMm1ZWVJ3R0VQcFNYMENWRElWV1ZUNnZGTnhlZ1NuYzRMTjRHdy1WdjdERkxJQ044Mk53NTFMUjV2YS1oNWhNNVA3cGZzbUFIZzFwMkdpRQ?oc=5,Google News (shopping_centre),0.28,TerryWhite Chemmart Chinatown,0,,10,33,0,0,2026-03-06
c0392951f61b0d62,First lots in new 6000-home suburb scheduled for release - Sunshine Coast News,Sunshine Coast,,-26.6544338,153.0933668,residential,,,,,,https://news.google.com/rss/articles/CBMikAFBVV95cUxOZVBnQWRXMzNVaUhtRGFmRi1xQnpjcWFEb0xkUFdmQ2NWVlBEVXBrNHdKb0pScHA3eGpxU3hjVFRHOVRMU0ZsUkYyaVFYRkFIa0tiU21XMjA4VTFQSVFod0NVTXUtdHFhYVNfS3J3VEtYVFA5cThxUjlDaUJJUzBMcVZJY0R4U0N6MjdPaVNnc2w?oc=5,Google News (residential),0.19,Priceline Pharmacy Maroochydore,0,,15,23,0,0,2026-03-06
