Latitude,Longitude,Address,Qualifying Rules,Evidence,Confidence,Nearest Pharmacy (km),Nearest Pharmacy Name,POI Name,POI Type,Region,Date Scanned,Pop 5km,Pop 10km,Pop 15km,Nearest Town,Nearest Town Pop,Nearest Town Dist (km),Opportunity Score,Pharmacy Count 5km,Pharmacy Count 10km,Pharmacy Count 15km,Chain Count,Independent Count,Competition Score,Nearest Competitors,Composite Score,Growth Indicator,Growth Details
-40.048726,144.0576882,,Item 131,"Near 'Grassy Supermarket' (supermarket); straight-line 21.94 km, est. route 28.52 km from nearest pharmacy. ⚠️ SUPERMARKET ACCESS RULE: The proposed pharmacy must NOT be directly accessible by the public from within a supermarket. Ensure separate public entrance.",70%,21.94,King Island Pharmacy,Grassy Supermarket,supermarket,TAS,2026-02-14T22:04:38.716184,500,500,500,Unknown,0,-1,525.0,0,0,0,0,0,0.0,,10970.0,,
-40.7625163,145.2950685,,"Item 131, Item 133","Near 'Stanley IGA' (supermarket); straight-line 16.69 km, est. route 21.70 km from nearest pharmacy. ⚠️ SUPERMARKET ACCESS RULE: The proposed pharmacy must NOT be directly accessible by the public from within a supermarket. Ensure separate public entrance. | Supermarket 'Stanley IGA' (est. GLA 1,500 sqm, brand: iga) with no adjacent pharmacy (nearest 16.69 km). ⚠️ SUPERMARKET ACCESS RULE: The proposed pharmacy must NOT be directly accessible by the public from within a supermarket. Ensure separate public entrance.",70%,16.69,Smithton Pharmacy,Stanley IGA,supermarket,TAS,2026-02-14T22:04:38.717184,504,504,504,Stanley,504,0.22,529.2,0,0,0,0,0,0.0,,8411.8,,
-41.2189569,146.344958,,Item 133,"Supermarket 'IGA' (est. GLA 1,500 sqm, brand: iga) with no adjacent pharmacy (nearest 3.57 km). ⚠️ SUPERMARKET ACCESS RULE: The proposed pharmacy must NOT be directly accessible by the public from within a supermarket. Ensure separate public entrance.",65%,3.57,Complete Care Pharmacy Devonport,IGA,supermarket,TAS,2026-02-14T22:04:38.738184,26357,29445,29445,Devonport,24591,4.57,19139.2,7,8,8,3,5,24.5,"Complete Care Pharmacy Devonport (3.6km, ind); My Pharmacy Plus Devonport (4.3km, ind); Good Price Pharmacy Warehouse Devonport (4.5km, chain)",4122.3,,
-41.4695436,147.0899735,,Item 133,"Supermarket 'Baxter's IGA' (est. GLA 1,500 sqm, brand: iga) with no adjacent pharmacy (nearest 3.14 km). ⚠️ SUPERMARKET ACCESS RULE: The proposed pharmacy must NOT be directly accessible by the public from within a supermarket. Ensure separate public entrance.",65%,3.14,TerryWhite Chemmart Prospect Vale,Baxter's IGA,supermarket,TAS,2026-02-14T22:04:38.740184,71947,83783,94979,Hadspen,2337,4.47,54459.0,6,28,32,18,14,75.0,"TerryWhite Chemmart Prospect Vale (3.1km, chain); Summerhill Pharmacy (3.3km, ind); Olde Tudor Pharmacy (4.0km, ind)",3461.6,,
-42.5593001,147.872333,,Item 133,"Supermarket 'Orford Festival IGA Supermarket' (est. GLA 1,500 sqm, brand: iga) with no adjacent pharmacy (nearest 6.63 km). ⚠️ SUPERMARKET ACCESS RULE: The proposed pharmacy must NOT be directly accessible by the public from within a supermarket. Ensure separate public entrance.",65%,6.63,Triabunna Pharmacy,Orford Festival IGA Supermarket,supermarket,TAS,2026-02-14T22:04:38.741185,723,1445,1445,Orford,623,0.15,1127.1,0,1,1,0,1,2.0,,3193.5,,
-42.126071525,148.290322925,"Coles Bay Convenience, 3, Garnet Avenue, Coles Bay, Glamorgan-Spring Bay, Tasmania, 7215, Australia","Item 130, Item 131, Item 133, Item 134","Supermarket 'Coles Bay Convenience' (est. GLA 3500 sqm, brand: coles) is 17.79 km from nearest pharmacy. ⚠️ SUPERMARKET ACCESS RULE: The proposed pharmacy must NOT be directly accessible by the public from within a supermarket. Ensure separate public entrance. | Near 'Coles Bay Convenience' (supermarket); straight-line 17.79 km, est. route 23.13 km from nearest pharmacy. ⚠️ SUPERMARKET ACCESS RULE: The proposed pharmacy must NOT be directly accessible by the public from within a supermarket. Ensure separate public entrance. | Supermarket 'Coles Bay Convenience' (est. GLA 3,500 sqm, brand: coles) with no adjacent pharmacy (nearest 17.79 km). ⚠️ SUPERMARKET ACCESS RULE: The proposed pharmacy must NOT be directly accessible by the public from within a supermarket. Ensure separate public entrance. | Shopping centre 'Freycinet Rentals' (GLA 5,000 sqm, est. 20 tenants) with supermarket but no pharmacy. Large supermarket present but only 20 est. tenants (needs 50+)",80%,17.79,Swansea Pharmacy,Coles Bay Convenience,supermarket,TAS,2026-02-14T22:04:38.697185,125,125,125,Unknown,0,-1,150.0,0,0,0,0,0,0.0,,2223.8,,
-42.1224456,148.2845945,"Esplanade, Coles Bay, Glamorgan-Spring Bay, Tasmania, 7215, Australia",Item 131,"Near 'Supermarket' (supermarket); straight-line 17.31 km, est. route 22.51 km from nearest pharmacy. ⚠️ SUPERMARKET ACCESS RULE: The proposed pharmacy must NOT be directly accessible by the public from within a supermarket. Ensure separate public entrance.",70%,17.31,Swansea Pharmacy,Supermarket,supermarket,TAS,2026-02-14T22:04:38.715184,125,125,125,Unknown,0,-1,131.2,0,0,0,0,0,0.0,,2163.8,,
-41.456382,147.17792,"Norwood Medical Centre, Dapple Street, Norwood, Launceston, City of Launceston, Tasmania, 7250, Australia",Item 130,"GP 'Norwood Medical Centre' (1.0 FTE) + Supermarket 'Norwood IGA' (est. GLA 1500 sqm, brand: iga) within 500 m; 1.87 km from nearest pharmacy",75%,1.87,Pharmacy and Co Kings Meadows,Norwood Medical Centre,gp,TAS,2026-02-14T22:04:38.699185,80943,80943,87571,Launceston,80943,4.19,48565.8,18,28,30,16,14,84.0,"Pharmacy and Co Kings Meadows (1.9km, ind); Slade Pharmacy Kings Meadows (1.9km, ind); Meadow Mews Pharmacy (2.0km, ind)",1780.7,,
-42.871,147.345,"Clarence Foreshore Trail, Rosny, Hobart, City of Clarence, Tasmania, 7018, Australia",Item 136,"Medical centre 'Ochre Health Medical Centre Clarence' — 8 GPs (5.6 est. FTE), open 70hrs/wk (meets 70hr requirement) — nearest pharmacy 1.65 km [source: manual_research]. Note: Pharmacy must be located INSIDE the complex, not just nearby. This distance-based check cannot verify physical containment.",95%,1.65,HPS Pharmacies Hobart,Ochre Health Medical Centre Clarence,medical_centre,TAS,2026-02-14T22:04:38.694185,157079,197451,198020,Hobart,197451,1.88,150062.8,41,54,68,40,28,183.0,"HPS Pharmacies Hobart (1.7km, ind); Good Price Pharmacy Warehouse Hobart (1.7km, chain); Blooms The Chemist (1.8km, chain)",1770.6,,
-41.4547332,147.1761331,"Norwood IGA, Norwood Avenue, Norwood, Launceston, City of Launceston, Tasmania, 7250, Australia","Item 130, Item 133","Supermarket 'Norwood IGA' (est. GLA 1500 sqm, brand: iga) + GP 'Norwood Medical Centre' (1.0 FTE) within 500 m; 1.86 km from nearest pharmacy. ⚠️ SUPERMARKET ACCESS RULE: The proposed pharmacy must NOT be directly accessible by the public from within a supermarket. Ensure separate public entrance. | Supermarket 'Norwood IGA' (est. GLA 1,500 sqm, brand: iga) with no adjacent pharmacy (nearest 1.86 km). ⚠️ SUPERMARKET ACCESS RULE: The proposed pharmacy must NOT be directly accessible by the public from within a supermarket. Ensure separate public entrance.",75%,1.86,Slade Pharmacy Kings Meadows,Norwood IGA,supermarket,TAS,2026-02-14T22:04:38.698186,80943,80943,91823,Launceston,80943,3.97,48565.8,18,28,31,17,14,85.5,"Slade Pharmacy Kings Meadows (1.9km, ind); Pharmacy and Co Kings Meadows (1.9km, ind); TerryWhite Chemmart Newstead (1.9km, chain)",1740.5,,
-42.9046784,147.4354685,,Item 135,"Hospital 'The Hobart Clinic' (0 beds, type: private_non_profit) with no pharmacy in complex (nearest 1.02 km). Private hospital, bed count unknown — requires verification; Note: Pharmacy must be located INSIDE the complex, not just nearby. This distance-based check cannot verify physical containment.",55%,1.02,Rokeby Discount Drug Store,The Hobart Clinic,hospital,TAS,2026-02-14T22:04:38.755184,53548,197451,197834,Hobart,197451,9.09,86878.4,6,34,59,34,25,116.0,"Rokeby Discount Drug Store (1.0km, ind); Priceline Pharmacy Glebe Hill Village (2.0km, chain); Shoreline Amcal Pharmacy (3.6km, chain)",1721.4,,
-42.8966766,147.4320085,,Item 133,"Supermarket 'Rokeby IGA' (est. GLA 1,500 sqm, brand: iga) with no adjacent pharmacy (nearest 1.05 km). ⚠️ SUPERMARKET ACCESS RULE: The proposed pharmacy must NOT be directly accessible by the public from within a supermarket. Ensure separate public entrance.",65%,1.05,Priceline Pharmacy Glebe Hill Village,Rokeby IGA,supermarket,TAS,2026-02-14T22:04:38.733185,70441,197551,197934,Hobart,197451,8.61,102726.5,7,37,65,40,25,129.0,"Priceline Pharmacy Glebe Hill Village (1.1km, chain); Rokeby Discount Drug Store (1.4km, ind); Shoreline Amcal Pharmacy (2.7km, chain)",1595.6,,
-42.781,147.2487,,Item 134,"Shopping centre 'Claremont Village Shopping Centre' (GLA 5,000 sqm, est. 20 tenants) with supermarket but no pharmacy. Large supermarket present but only 20 est. tenants (needs 50+)",70%,1.22,Claremont Pharmacy,Claremont Village Shopping Centre,shopping_centre,TAS,2026-02-14T22:04:38.724184,0,91497,197637,Hobart,197451,13.01,51238.3,5,21,53,28,25,93.0,"Claremont Pharmacy (1.2km, ind); Claremont Plaza Advantage Pharmacy (1.2km, ind); Chigwell Pharmacy (3.4km, ind)",1187.5,,
-42.8463,147.3082,,Item 136,"Medical centre 'Moonah Medical Centre' — 8 GPs (4.8 est. FTE), open 50hrs/wk (⚠️ BELOW 70hr/wk requirement — does not qualify unless hours increase) — nearest pharmacy 1.01 km [source: manual_research]. Note: Pharmacy must be located INSIDE the complex, not just nearby. This distance-based check cannot verify physical containment.",70%,1.01,Friendly Care Advantage Moonah,Moonah Medical Centre,medical_centre,TAS,2026-02-14T22:04:38.727184,157079,197637,197637,Hobart,197451,4.34,110676.7,36,55,68,41,27,179.5,"Friendly Care Advantage Moonah (1.0km, ind); Chemist Warehouse Moonah (1.1km, chain); Chemist Warehouse New Town (1.1km, chain)",1105.9,,
-42.8704,147.3579,"Rosny Hill Lookout, Rosny Lookout Road, Rosny, Hobart, City of Clarence, Tasmania, 7018, Australia",Item 132,"Major shopping centre 'Eastlands Shopping Centre' (GLA 22,000 sqm, est. 110 tenants) with no pharmacy within 200 m. Note: Pharmacy must be located INSIDE the complex, not just nearby. This distance-based check cannot verify physical containment.",85%,0.92,Bellerive Quay Pharmacy,Eastlands Shopping Centre,shopping_centre,TAS,2026-02-14T22:04:38.695185,157079,197451,198020,Hobart,197451,2.77,83916.7,38,56,68,40,28,182.0,"Bellerive Quay Pharmacy (0.9km, ind); Chemist Warehouse Eastlands Shopping Centre (1.0km, chain); Complete Care Pharmacy Rosny Park (1.1km, ind)",992.6,,
-42.8957201,147.3060276,,Item 135,"Hospital 'Calvary Healthcare Tasmania - St John's Campus' (0 beds, type: religious) with no pharmacy in complex (nearest 848 m). Private hospital, bed count unknown — requires verification; Note: Pharmacy must be located INSIDE the complex, not just nearby. This distance-based check cannot verify physical containment.",55%,0.85,Complete Care Pharmacy South Hobart,Calvary Healthcare Tasmania - St John's Campus,hospital,TAS,2026-02-14T22:04:38.756184,157079,197451,201309,Hobart,197451,2.32,54299.0,26,60,70,42,28,177.0,"Complete Care Pharmacy South Hobart (0.8km, ind); Davey Street Discount Pharmacy (1.3km, ind); Chemist Warehouse Sandy Bay (1.7km, chain)",942.9,,
-41.4584509,147.153164,,Item 134,"Shopping centre 'DongSheng' (GLA 5,000 sqm, est. 20 tenants) with supermarket but no pharmacy. Borderline: 20 est. tenants, supermarket size uncertain",55%,0.88,Slade Pharmacy Kings Meadows,DongSheng,shopping_centre,TAS,2026-02-14T22:04:38.751184,80943,83280,92326,Launceston,80943,3.01,22902.0,20,28,33,18,15,90.0,"Slade Pharmacy Kings Meadows (0.9km, ind); Meadow Mews Pharmacy (1.1km, ind); Pharmacy and Co Kings Meadows (1.1km, ind)",805.3,,
-41.43,147.1295,,Item 134,"Shopping centre 'Meadow Mews Shopping Centre' (GLA 5,500 sqm, est. 22 tenants) with supermarket but no pharmacy. Borderline: 22 est. tenants, supermarket size uncertain",55%,0.72,Invermay Discount Drug Store,Meadow Mews Shopping Centre,shopping_centre,TAS,2026-02-14T22:04:38.747184,80943,86815,87532,Launceston,80943,0.8,23874.1,26,28,29,17,12,91.5,"Invermay Discount Drug Store (0.7km, ind); Chemists' Own Trevallyn Pharmacy (1.0km, ind); Pharmacy and Co Launceston (1.1km, ind)",675.7,,
-42.9818279,147.2938109,,Item 134,"Shopping centre 'Total Tools' (GLA 5,000 sqm, est. 20 tenants) with supermarket but no pharmacy. Borderline: 20 est. tenants, supermarket size uncertain",55%,0.37,Priceline Pharmacy Kingston,Total Tools,shopping_centre,TAS,2026-02-14T22:04:38.752184,1706,153950,202966,Howden,717,4.89,25401.8,8,12,49,29,20,83.5,"Priceline Pharmacy Kingston (0.4km, chain); TerryWhite Chemmart Kingston Town (0.8km, chain); Priceline Pharmacy Kingston (1.4km, chain)",674.1,,
-42.871,147.362,,Item 136,"Medical centre 'Rosny Park Family Medical Centre' — 8 GPs (5.6 est. FTE), open 55hrs/wk (⚠️ BELOW 70hr/wk requirement — does not qualify unless hours increase) — nearest pharmacy 609 m [source: manual_research]. Note: Pharmacy must be located INSIDE the complex, not just nearby. This distance-based check cannot verify physical containment.",70%,0.61,Bellerive Quay Pharmacy,Rosny Park Family Medical Centre,medical_centre,TAS,2026-02-14T22:04:38.725184,157079,197451,198020,Hobart,197451,3.04,69107.8,38,56,68,40,28,182.0,"Bellerive Quay Pharmacy (0.6km, ind); Chemist Warehouse Eastlands Shopping Centre (0.7km, chain); Rhys Jones Pharmacy (0.9km, ind)",658.2,,
-41.0980218,146.8232761,,Item 133,"Supermarket 'IGA George Town' (est. GLA 1,500 sqm, brand: iga) with no adjacent pharmacy (nearest 836 m). ⚠️ SUPERMARKET ACCESS RULE: The proposed pharmacy must NOT be directly accessible by the public from within a supermarket. Ensure separate public entrance.",65%,0.84,Amcal Pharmacy George Town,IGA George Town,supermarket,TAS,2026-02-14T22:04:38.745184,5115,6346,7439,George Town,4408,0.78,2062.5,2,2,3,1,2,7.5,"Amcal Pharmacy George Town (0.8km, chain); Your Pharmacy George Town (1.0km, ind)",627.1,,
-42.9768,147.3057,"14, Maranoa Road, Kingston Park, Kingston, Kingborough, Tasmania, 7050, Australia",Item 132,"Major shopping centre 'Channel Court Shopping Centre' (GLA 16,000 sqm, est. 80 tenants) with no pharmacy within 200 m. Note: Pharmacy must be located INSIDE the complex, not just nearby. This distance-based check cannot verify physical containment.",85%,0.34,Priceline Pharmacy Kingston,Channel Court Shopping Centre,shopping_centre,TAS,2026-02-14T22:04:38.696185,0,178815,202966,Howden,717,5.55,45597.8,8,15,57,34,23,97.0,"Priceline Pharmacy Kingston (0.3km, chain); Kingborough Pharmacy (0.4km, ind); TerryWhite Chemmart Kingston Town (0.4km, chain)",620.4,YES,TAS Growth Area - Kingborough
-42.8803,147.3845,,Item 134,"Shopping centre 'Shoreline Shopping Centre' (GLA 12,000 sqm, est. 48 tenants) with supermarket but no pharmacy. Large supermarket present but only 48 est. tenants (needs 50+)",70%,0.50,Amcal+ Pharmacy Howrah - Wentworth,Shoreline Shopping Centre,shopping_centre,TAS,2026-02-14T22:04:38.721184,157079,197451,197834,Hobart,197451,4.6,69107.8,27,50,68,40,28,165.0,"Amcal+ Pharmacy Howrah - Wentworth (0.5km, chain); Wentworth Pharmacy (0.6km, ind); Bellerive Quay Pharmacy (1.5km, ind)",594.7,,
-42.831,147.282,,Item 134,"Shopping centre 'Glenorchy Central' (GLA 10,000 sqm, est. 40 tenants) with supermarket but no pharmacy. Large supermarket present but only 40 est. tenants (needs 50+)",70%,0.42,Priceline Pharmacy Glenorchy,Glenorchy Central,shopping_centre,TAS,2026-02-14T22:04:38.720184,132246,197637,197637,Hobart,197451,6.85,41503.8,21,51,59,33,26,147.5,"Priceline Pharmacy Glenorchy (0.4km, chain); Chemist Warehouse (0.5km, chain); Chemist Warehouse Glenorchy (0.5km, chain)",559.0,,
-41.525328,146.8449712,,"Item 133, Item 134","Supermarket 'IGA' (est. GLA 1,500 sqm, brand: iga) with no adjacent pharmacy (nearest 873 m). ⚠️ SUPERMARKET ACCESS RULE: The proposed pharmacy must NOT be directly accessible by the public from within a supermarket. Ensure separate public entrance. | Shopping centre 'IGA' (GLA 5,000 sqm, est. 20 tenants) with supermarket but no pharmacy. Borderline: 20 est. tenants, supermarket size uncertain",65%,0.87,Westbury Pharmacy,IGA,supermarket,TAS,2026-02-14T22:04:38.744184,2266,2266,2769,Westbury,1666,1.08,736.5,1,1,1,0,1,3.0,"Westbury Pharmacy (0.9km, ind)",492.9,,
-41.1129758,146.0716909,,Item 133,"Supermarket 'Lane's IGA' (est. GLA 1,500 sqm, brand: iga) with no adjacent pharmacy (nearest 354 m). ⚠️ SUPERMARKET ACCESS RULE: The proposed pharmacy must NOT be directly accessible by the public from within a supermarket. Ensure separate public entrance.",65%,0.35,Complete Care Pharmacy Penguin,Lane's IGA,supermarket,TAS,2026-02-14T22:04:38.732184,3961,17023,17023,Penguin,3330,0.25,3319.5,1,5,5,1,4,11.5,"Complete Care Pharmacy Penguin (0.4km, ind)",476.6,,
-42.843114,147.2977798,,Item 134,"Shopping centre 'Fantastic Furniture' (GLA 5,000 sqm, est. 20 tenants) with supermarket but no pharmacy. Borderline: 20 est. tenants, supermarket size uncertain",55%,0.37,Friendly Care Advantage Moonah,Fantastic Furniture,shopping_centre,TAS,2026-02-14T22:04:38.754184,196379,197637,197637,Hobart,197451,5.03,32610.1,31,55,66,39,27,171.5,"Friendly Care Advantage Moonah (0.4km, ind); Chemist Warehouse Moonah (0.5km, chain); Chemist Warehouse Moonah (0.6km, chain)",423.9,,
-41.068,145.905,"20, Hamilton Street, Upper Burnie, Burnie, City of Burnie, Tasmania, 7320, Australia",Item 136,"Medical centre 'TAS Family Medical Centre' — 10 GPs (8.0 est. FTE), open 75hrs/wk (meets 70hr requirement) — nearest pharmacy 438 m [source: website_scrape]. Note: Pharmacy must be located INSIDE the complex, not just nearby. This distance-based check cannot verify physical containment.",75%,0.44,Upper Burnie Pharmacy,TAS Family Medical Centre,medical_centre,TAS,2026-02-14T22:04:38.714184,20367,20823,25068,Burnie,20267,1.74,4685.2,7,8,8,1,7,23.5,"Upper Burnie Pharmacy (0.4km, ind); Bolands Pharmacy (1.8km, ind); Pharmacy Discount Centre Burnie (1.8km, ind)",374.0,,
-41.4267,147.1336,,Item 134,"Shopping centre 'Northgate Shopping Centre' (GLA 12,000 sqm, est. 48 tenants) with supermarket but no pharmacy. Large supermarket present but only 48 est. tenants (needs 50+)",70%,0.36,Invermay Discount Drug Store,Northgate Shopping Centre,shopping_centre,TAS,2026-02-14T22:04:38.719184,80943,84538,87532,Launceston,80943,0.88,17753.0,26,28,29,17,12,91.5,"Invermay Discount Drug Store (0.4km, ind); Chemist Warehouse Racecourse (1.1km, chain); TerryWhite Chemmart Launceston City (1.1km, chain)",329.0,,
-41.0552718,145.9062296,,Item 134,"Shopping centre 'Express Auto Centre' (GLA 5,000 sqm, est. 20 tenants) with supermarket but no pharmacy. Borderline: 20 est. tenants, supermarket size uncertain",55%,0.35,Bolands Pharmacy,Express Auto Centre,shopping_centre,TAS,2026-02-14T22:04:38.748184,20267,20606,21638,Burnie,20267,0.32,3400.0,7,8,8,1,7,23.5,"Bolands Pharmacy (0.3km, ind); Pharmacy Discount Centre Burnie (0.4km, ind); Burnie Plaza Pharmacy (0.4km, ind)",294.4,,
-42.8751386,147.3704878,,Item 133,"Supermarket 'Salamanca Fresh IGA' (est. GLA 1,500 sqm, brand: iga) with no adjacent pharmacy (nearest 243 m). ⚠️ SUPERMARKET ACCESS RULE: The proposed pharmacy must NOT be directly accessible by the public from within a supermarket. Ensure separate public entrance.",65%,0.24,Bellerive Quay Pharmacy,Salamanca Fresh IGA,supermarket,TAS,2026-02-14T22:04:38.729184,157079,197451,198020,Hobart,197451,3.55,38502.9,35,56,68,40,28,179.0,"Bellerive Quay Pharmacy (0.2km, ind); Rhys Jones Pharmacy (0.9km, ind); Complete Care Pharmacy Rosny Park (1.0km, ind)",263.3,,
-42.8578725,147.3032616,"192-196, New Town Road, New Town, Hobart, City of Hobart, Tasmania, 7008, Australia",Item 133,"Supermarket 'Woolworths' (est. GLA 3,500 sqm, brand: woolworths) with no adjacent pharmacy (nearest 212 m). ⚠️ SUPERMARKET ACCESS RULE: The proposed pharmacy must NOT be directly accessible by the public from within a supermarket. Ensure separate public entrance.",75%,0.21,Chemist Warehouse New Town TAS,Woolworths,supermarket,TAS,2026-02-14T22:04:38.711184,157079,197637,197637,Hobart,197451,3.41,44468.3,40,55,68,41,27,183.5,"Chemist Warehouse New Town TAS (0.2km, chain); Chemist Warehouse New Town (0.3km, chain); Friendly Care Advantage New Town (0.4km, ind)",225.0,,
-41.4407108,147.13653,"36-40, Wellington Street, Launceston, City of Launceston, Tasmania, 7250, Australia",Item 133,"Supermarket 'Woolworths' (est. GLA 3,500 sqm, brand: woolworths) with no adjacent pharmacy (nearest 229 m). ⚠️ SUPERMARKET ACCESS RULE: The proposed pharmacy must NOT be directly accessible by the public from within a supermarket. Ensure separate public entrance.",75%,0.23,Chemist Warehouse Launceston,Woolworths,supermarket,TAS,2026-02-14T22:04:38.712184,80943,83280,88035,Launceston,80943,0.74,18738.0,24,28,29,17,12,89.5,"Chemist Warehouse Launceston (0.2km, chain); Hatton & Laws Soul Pattinson Pharmacy (0.2km, ind); Chemist Warehouse South Launceston (0.3km, chain)",211.7,,
-40.9897747,145.7194643,,Item 133,"Supermarket 'IGA West End Supermarket' (est. GLA 1,500 sqm, brand: iga) with no adjacent pharmacy (nearest 349 m). ⚠️ SUPERMARKET ACCESS RULE: The proposed pharmacy must NOT be directly accessible by the public from within a supermarket. Ensure separate public entrance.",65%,0.35,Healthpoint Pharmacy Wynyard,IGA West End Supermarket,supermarket,TAS,2026-02-14T22:04:38.734184,5487,5487,5487,Wynyard,5387,0.78,1070.0,2,2,4,1,3,8.5,"Healthpoint Pharmacy Wynyard (0.3km, ind); Dixon's Pharmacy (0.6km, ind)",202.2,,
-41.4352,147.1452,,Item 134,"Shopping centre 'Gateway Shopping Centre (Launceston)' (GLA 7,000 sqm, est. 28 tenants) with supermarket but no pharmacy. Large supermarket present but only 28 est. tenants (needs 50+)",70%,0.22,TerryWhite Chemmart Launceston City,Gateway Shopping Centre (Launceston),shopping_centre,TAS,2026-02-14T22:04:38.723184,80943,80943,87532,Launceston,80943,0.67,16998.0,23,28,29,17,12,88.5,"TerryWhite Chemmart Launceston City (0.2km, chain); Pharmacy and Co Launceston (0.4km, ind); Chemist Warehouse Racecourse (0.6km, chain)",199.0,,
-42.8319921,147.2745657,"KFC, Main Road, Hobart, City of Glenorchy, Tasmania, 7010, Australia",Item 133,"Supermarket 'Coles' (est. GLA 3,500 sqm, brand: coles) with no adjacent pharmacy (nearest 135 m). ⚠️ SUPERMARKET ACCESS RULE: The proposed pharmacy must NOT be directly accessible by the public from within a supermarket. Ensure separate public entrance.",75%,0.14,Chemist Warehouse Northgate Shopping Centre,Coles,supermarket,TAS,2026-02-14T22:04:38.713184,122985,197637,197637,Hobart,197451,7.11,44468.3,21,50,59,33,26,146.5,"Chemist Warehouse Northgate Shopping Centre (0.1km, chain); Chemist Warehouse Glenorchy (0.2km, chain); Blooms the Chemist Glenorchy (0.3km, chain)",187.6,,
-41.4448557,147.1386382,"Coles, 128, Wellington Street, Launceston, City of Launceston, Tasmania, 7250, Australia",Item 133,"Supermarket 'Coles' (est. GLA 3,500 sqm, brand: coles) with no adjacent pharmacy (nearest 179 m). ⚠️ SUPERMARKET ACCESS RULE: The proposed pharmacy must NOT be directly accessible by the public from within a supermarket. Ensure separate public entrance.",75%,0.18,Chemist Warehouse South Launceston,Coles,supermarket,TAS,2026-02-14T22:04:38.709184,80943,83280,91268,Launceston,80943,1.2,18738.0,24,28,30,17,13,90.5,"Chemist Warehouse South Launceston (0.2km, chain); Fitzpatrick's Pharmacy (0.4km, ind); Complete Care Pharmacy Health Hub (0.4km, ind)",163.8,,
-41.4647153,147.1604867,"Woolworths, 111, Hobart Road, Kings Meadows, Launceston, City of Launceston, Tasmania, 7249, Australia",Item 133,"Supermarket 'Woolworths' (est. GLA 3,500 sqm, brand: woolworths) with no adjacent pharmacy (nearest 158 m). ⚠️ SUPERMARKET ACCESS RULE: The proposed pharmacy must NOT be directly accessible by the public from within a supermarket. Ensure separate public entrance.",75%,0.16,Slade Pharmacy Kings Meadows,Woolworths,supermarket,TAS,2026-02-14T22:04:38.706184,80943,83280,96037,Launceston,80943,3.91,18738.0,19,28,33,18,15,89.0,"Slade Pharmacy Kings Meadows (0.2km, ind); Pharmacy and Co Kings Meadows (0.2km, ind); Meadow Mews Pharmacy (0.3km, ind)",148.1,,
-41.4056454,147.1320764,"Mowbray Shops Stop 9 Out, 385, Invermay Road, Mowbray Heights, Mowbray, Launceston, City of Launceston, Tasmania, 7248, Australia",Item 133,"Supermarket 'Coles' (est. GLA 3,500 sqm, brand: coles) with no adjacent pharmacy (nearest 139 m). ⚠️ SUPERMARKET ACCESS RULE: The proposed pharmacy must NOT be directly accessible by the public from within a supermarket. Ensure separate public entrance.",75%,0.14,TerryWhite Chemmart Mowbray,Coles,supermarket,TAS,2026-02-14T22:04:38.708184,80943,85195,87532,Launceston,80943,3.19,19168.9,21,29,29,17,12,87.5,"TerryWhite Chemmart Mowbray (0.1km, chain); Chemist Warehouse Mowbray (0.2km, chain); Chemist Warehouse Mowbray (0.3km, chain)",134.8,,
-42.78274725,147.56589225,"Coles, 12, Cole Street, Sorell, Tasmania, 7172, Australia","Item 133, Item 134","Supermarket 'Coles' (est. GLA 3,500 sqm, brand: coles) with no adjacent pharmacy (nearest 261 m). ⚠️ SUPERMARKET ACCESS RULE: The proposed pharmacy must NOT be directly accessible by the public from within a supermarket. Ensure separate public entrance. | Shopping centre 'Coles Plaza' (GLA 5,000 sqm, est. 20 tenants) with supermarket but no pharmacy. Large supermarket present but only 20 est. tenants (needs 50+)",75%,0.26,Chemist Warehouse Sorell,Coles,supermarket,TAS,2026-02-14T22:04:38.703184,3280,8499,9433,Sorell,3180,0.16,1912.3,2,5,6,5,1,15.5,"Chemist Warehouse Sorell (0.3km, chain); TerryWhite Chemmart Sorell (0.4km, chain)",133.9,YES,TAS Growth Area - Sorell
-42.8960919,147.328783,"Coles, 246, Sandy Bay Road, Sandy Bay Shopping Area, Sandy Bay, Hobart, City of Hobart, Tasmania, 7005, Australia",Item 133,"Supermarket 'Coles' (est. GLA 3,500 sqm, brand: coles) with no adjacent pharmacy (nearest 119 m). ⚠️ SUPERMARKET ACCESS RULE: The proposed pharmacy must NOT be directly accessible by the public from within a supermarket. Ensure separate public entrance.",75%,0.12,TerryWhite Chemmart Sandy Bay,Coles,supermarket,TAS,2026-02-14T22:04:38.705184,157079,197451,198737,Hobart,197451,1.51,44426.5,31,61,68,40,28,180.0,"TerryWhite Chemmart Sandy Bay (0.1km, chain); Chemist Warehouse Sandy Bay (0.2km, chain); Davey Street Discount Pharmacy (0.9km, ind)",130.9,,
-41.1584465,146.174394,,Item 133,"Supermarket 'Railway IGA Supermarket' (est. GLA 1,500 sqm, brand: iga) with no adjacent pharmacy (nearest 145 m). ⚠️ SUPERMARKET ACCESS RULE: The proposed pharmacy must NOT be directly accessible by the public from within a supermarket. Ensure separate public entrance.",65%,0.15,Priceline Pharmacy Ulverstone,Railway IGA Supermarket,supermarket,TAS,2026-02-14T22:04:38.736184,12823,16551,17182,Ulverstone,12723,0.35,3227.4,4,5,8,2,6,18.0,"Priceline Pharmacy Ulverstone (0.1km, chain); Fullife Pharmacy - Ulverstone (0.3km, ind); Peter Thompson's Pharmacy (0.4km, ind)",130.7,,
-41.5699777,147.2513504,,Item 134,"Shopping centre 'Jardin Skin Care Apothecary Tonics' (GLA 5,000 sqm, est. 20 tenants) with supermarket but no pharmacy. Borderline: 20 est. tenants, supermarket size uncertain",55%,0.42,Evandale Pharmacy,Jardin Skin Care Apothecary Tonics,shopping_centre,TAS,2026-02-14T22:04:38.750184,1558,4791,8502,Evandale,1058,0.17,790.5,1,2,10,3,7,14.5,"Evandale Pharmacy (0.4km, ind)",129.8,,
-41.1766608,146.3551924,"Coles, 86, Best Street, Devonport, City of Devonport, Tasmania, 7310, Australia",Item 133,"Supermarket 'Coles' (est. GLA 3,500 sqm, brand: coles) with no adjacent pharmacy (nearest 109 m). ⚠️ SUPERMARKET ACCESS RULE: The proposed pharmacy must NOT be directly accessible by the public from within a supermarket. Ensure separate public entrance.",75%,0.11,Chemist Discount Centre Devonport,Coles,supermarket,TAS,2026-02-14T22:04:38.701184,24591,29445,29445,Devonport,24591,0.62,6625.1,7,8,9,4,5,26.0,"Chemist Discount Centre Devonport (0.1km, ind); Devonport Pharmacy (0.1km, ind); TerryWhite Chemmart Fourways Devonport (0.4km, chain)",120.0,,
-41.32339865,148.2489222,,Item 133,"Supermarket 'Hilly's IGA' (est. GLA 1,500 sqm, brand: iga) with no adjacent pharmacy (nearest 270 m). ⚠️ SUPERMARKET ACCESS RULE: The proposed pharmacy must NOT be directly accessible by the public from within a supermarket. Ensure separate public entrance. | Supermarket 'Bay of Fires IGA' (est. GLA 1,500 sqm, brand: iga) with no adjacent pharmacy (nearest 182 m). ⚠️ SUPERMARKET ACCESS RULE: The proposed pharmacy must NOT be directly accessible by the public from within a supermarket. Ensure separate public entrance.",65%,0.27,Blooms the Chemist St Helen's,Hilly's IGA,supermarket,TAS,2026-02-14T22:04:38.730184,2073,2320,2959,St Helens,1573,0.05,452.4,1,1,2,1,1,4.5,"Blooms the Chemist St Helen's (0.2km, chain)",113.9,,
-42.8653782,147.368848,"Coles, 26, Bligh Street, Rosny Park, Hobart, City of Clarence, Tasmania, 7018, Australia",Item 133,"Supermarket 'Coles' (est. GLA 3,500 sqm, brand: coles) with no adjacent pharmacy (nearest 104 m). ⚠️ SUPERMARKET ACCESS RULE: The proposed pharmacy must NOT be directly accessible by the public from within a supermarket. Ensure separate public entrance.",75%,0.10,Chemist Warehouse Eastlands Shopping Centre,Coles,supermarket,TAS,2026-02-14T22:04:38.704184,157079,197451,198020,Hobart,197451,3.83,44426.5,32,56,67,39,28,174.5,"Chemist Warehouse Eastlands Shopping Centre (0.1km, chain); Complete Care Pharmacy Rosny Park (0.1km, ind); Rhys Jones Pharmacy (0.2km, ind)",112.5,,
-41.2991302,146.9521946,,Item 133,"Supermarket 'IGA' (est. GLA 1,500 sqm, brand: iga) with no adjacent pharmacy (nearest 186 m). ⚠️ SUPERMARKET ACCESS RULE: The proposed pharmacy must NOT be directly accessible by the public from within a supermarket. Ensure separate public entrance.",65%,0.19,TerryWhite Chemmart Exeter,IGA,supermarket,TAS,2026-02-14T22:04:38.728184,1292,3470,5544,Exeter,1092,0.09,676.6,1,1,2,2,0,5.0,"TerryWhite Chemmart Exeter (0.2km, chain)",109.9,,
-42.8659413,147.3035849,,Item 135,"Hospital 'Calvary Hospital' (0 beds, type: religious) with no pharmacy in complex (nearest 59 m). Private hospital, bed count unknown — requires verification; ⚠️ Adjacent but may not be inside the complex (50-200m). Physical verification required.",40%,0.06,HPS Pharmacies Lenah Valley,Calvary Hospital,hospital,TAS,2026-02-14T22:04:38.757184,157079,197637,197637,Hobart,197451,2.72,23716.4,39,55,68,41,27,182.5,"HPS Pharmacies Lenah Valley (0.1km, ind); Lenah Valley Pharmacy (0.6km, ind); Slade Pharmacy New Town (0.6km, ind)",107.7,,
-41.069097066666664,145.9010145,"Linton Street, Upper Burnie, Burnie, City of Burnie, Tasmania, 7320, Australia","Item 133, Item 134","Supermarket 'Woolworths' (est. GLA 3,500 sqm, brand: woolworths) with no adjacent pharmacy (nearest 105 m). ⚠️ SUPERMARKET ACCESS RULE: The proposed pharmacy must NOT be directly accessible by the public from within a supermarket. Ensure separate public entrance. | Shopping centre 'Upper Burnie Illusions2' (GLA 5,000 sqm, est. 20 tenants) with supermarket but no pharmacy. Large supermarket present but only 20 est. tenants (needs 50+) | Shopping centre 'Upper Burnie Mowers' (GLA 5,000 sqm, est. 20 tenants) with supermarket but no pharmacy. Large supermarket present but only 20 est. tenants (needs 50+)",75%,0.11,Upper Burnie Pharmacy,Woolworths,supermarket,TAS,2026-02-14T22:04:38.707184,20367,20937,21738,Burnie,20267,1.91,4710.8,7,8,8,1,7,23.5,"Upper Burnie Pharmacy (0.2km, ind); Pharmacy One (1.5km, ind); Bolands Pharmacy (1.9km, ind)",94.0,,
-42.0805434,145.5574234,,Item 133,"Supermarket 'IGA' (est. GLA 1,500 sqm, brand: iga) with no adjacent pharmacy (nearest 184 m). ⚠️ SUPERMARKET ACCESS RULE: The proposed pharmacy must NOT be directly accessible by the public from within a supermarket. Ensure separate public entrance.",65%,0.18,Queenstown Medical Union Pharmacy,IGA,supermarket,TAS,2026-02-14T22:04:38.735184,1872,1872,1872,Queenstown,1772,0.17,365.0,1,1,1,0,1,3.0,"Queenstown Medical Union Pharmacy (0.2km, ind)",84.2,,
-41.5709107,147.2481399,,Item 134,"Shopping centre 'Lake Leather' (GLA 5,000 sqm, est. 20 tenants) with supermarket but no pharmacy. Borderline: 20 est. tenants, supermarket size uncertain",55%,0.22,Evandale Pharmacy,Lake Leather,shopping_centre,TAS,2026-02-14T22:04:38.749184,1558,5665,8502,Evandale,1058,0.31,934.7,1,2,10,3,7,14.5,"Evandale Pharmacy (0.2km, ind)",80.4,,
-43.0659047,147.255555,,Item 133,"Supermarket 'Baxter's IGA' (est. GLA 1,500 sqm, brand: iga) with no adjacent pharmacy (nearest 352 m). ⚠️ SUPERMARKET ACCESS RULE: The proposed pharmacy must NOT be directly accessible by the public from within a supermarket. Ensure separate public entrance.",65%,0.35,Healthpoint Pharmacy Snug,Baxter's IGA,supermarket,TAS,2026-02-14T22:04:38.743184,4415,5540,5923,Snug,1843,0.15,1080.3,3,4,12,9,3,23.5,"Healthpoint Pharmacy Snug (0.4km, ind); TerryWhite Chemmart Margate (4.5km, chain); TerryWhite Chemmart Channel Margate (4.6km, chain)",79.1,,
-42.3007354,147.3697897,,Item 133,"Supermarket 'IGA: Oatlands' (est. GLA 1,500 sqm, brand: iga) with no adjacent pharmacy (nearest 403 m). ⚠️ SUPERMARKET ACCESS RULE: The proposed pharmacy must NOT be directly accessible by the public from within a supermarket. Ensure separate public entrance.",65%,0.40,Oatlands Pharmacy,IGA: Oatlands,supermarket,TAS,2026-02-14T22:04:38.737184,562,562,562,Oatlands,562,0.28,109.6,1,1,1,0,1,3.0,"Oatlands Pharmacy (0.4km, ind)",56.2,,
-43.0988811,147.7427548,,Item 133,"Supermarket 'IGA' (est. GLA 1,500 sqm, brand: iga) with no adjacent pharmacy (nearest 103 m). ⚠️ SUPERMARKET ACCESS RULE: The proposed pharmacy must NOT be directly accessible by the public from within a supermarket. Ensure separate public entrance.",65%,0.10,Tasman Pharmacy,IGA,supermarket,TAS,2026-02-14T22:04:38.739184,667,667,667,Nubeena,362,0.04,130.1,1,1,1,0,1,3.0,"Tasman Pharmacy (0.1km, ind)",16.7,,
-42.734751,147.24324395000002,"Coles, 11, Cove Hill Road, Bridgewater, Hobart, Brighton, Tasmania, 7030, Australia","Item 133, Item 134","Supermarket 'Coles' (est. GLA 3,500 sqm, brand: coles) with no adjacent pharmacy (nearest 303 m). ⚠️ SUPERMARKET ACCESS RULE: The proposed pharmacy must NOT be directly accessible by the public from within a supermarket. Ensure separate public entrance. | Shopping centre 'Cove Hill' (GLA 5,000 sqm, est. 20 tenants) with supermarket but no pharmacy. Large supermarket present but only 20 est. tenants (needs 50+)",75%,0.30,Priceline Pharmacy Bridgewater,Coles,supermarket,TAS,2026-02-14T22:04:38.702184,0,0,186,Unknown,0,-1,0.0,3,6,21,12,9,36.0,"Priceline Pharmacy Bridgewater (0.3km, chain); Priceline Pharmacy Bridgewater (0.5km, chain); Brighton Pharmacy (4.1km, ind)",0.0,YES,TAS Growth Area - Brighton
-42.48649965,146.7170984,,Item 131,"Near 'Central Highlands General Practice' (gp); straight-line 26.34 km, est. route 34.24 km from nearest pharmacy | Near 'Ouse District Public Hospital' (hospital); straight-line 26.33 km, est. route 34.23 km from nearest pharmacy",70%,26.34,Central Highlands Pharmacy,Central Highlands General Practice,gp,TAS,2026-02-14T22:04:38.718184,0,0,0,Unknown,0,-1,0.0,0,0,0,0,0,0.0,,0.0,,
-42.743,147.2309,,Item 136,"Medical centre 'Bridgewater Medical Centre' — 8 GPs (4.8 est. FTE), open 50hrs/wk (⚠️ BELOW 70hr/wk requirement — does not qualify unless hours increase) — nearest pharmacy 1.09 km [source: manual_research]. Note: Pharmacy must be located INSIDE the complex, not just nearby. This distance-based check cannot verify physical containment.",70%,1.09,Priceline Pharmacy Bridgewater,Bridgewater Medical Centre,medical_centre,TAS,2026-02-14T22:04:38.726184,0,0,6339,New Norfolk,6153,14.43,0.0,2,7,26,14,12,42.0,"Priceline Pharmacy Bridgewater (1.1km, chain); Priceline Pharmacy Bridgewater (1.3km, chain)",0.0,,
-42.7484982,147.2659412,,Item 133,"Supermarket 'IGA' (est. GLA 1,500 sqm, brand: iga) with no adjacent pharmacy (nearest 1.96 km). ⚠️ SUPERMARKET ACCESS RULE: The proposed pharmacy must NOT be directly accessible by the public from within a supermarket. Ensure separate public entrance.",65%,1.96,Priceline Pharmacy Bridgewater,IGA,supermarket,TAS,2026-02-14T22:04:38.746184,0,0,1120,Richmond,934,14.16,0.0,4,13,33,17,16,58.5,"Priceline Pharmacy Bridgewater (2.0km, chain); Priceline Pharmacy Bridgewater (2.3km, chain); Claremont Plaza Advantage Pharmacy (4.8km, ind)",0.0,,
