Rank,Deal Score,Item,State,Pharmacy Name,Pharmacy Address,Target Centre,Distance (m),Centre Tenants,Centre GLA (sqm),Existing Pharmacies in Centre,Key Reason,Why Opportunity
1,0.8,Item 124,TAS,TerryWhite Chemmart Latrobe,"45a Gilbert Street, LATROBE, TAS, 7307",Commonwealth Bank,470.0,20,5000.0,0,Pharmacy 'TerryWhite Chemmart Latrobe' is 470m from large shopping centre 'Commonwealth Bank',centre has NO pharmacy; pharmacy 470m from centre
2,0.8,Item 124,TAS,Derwent Park Pharmacy,"254 Main Road, DERWENT PARK, TAS, 7009",Jackson Motor Company,425.0,20,5000.0,0,Pharmacy 'Derwent Park Pharmacy' is 425m from large shopping centre 'Jackson Motor Company',centre has NO pharmacy; pharmacy 425m from centre
3,0.8,Item 124,TAS,Friendly Care Advantage Moonah,"67 Hopkins Street, MOONAH, TAS, 7009",Fantastic Furniture,367.0,20,5000.0,0,Pharmacy 'Friendly Care Advantage Moonah' is 367m from large shopping centre 'Fantastic Furniture',centre has NO pharmacy; pharmacy 367m from centre
4,0.8,Item 124,TAS,Bolands Pharmacy,"67 Wilson Street, BURNIE, TAS, 7320",Express Auto Centre,348.0,20,5000.0,0,Pharmacy 'Bolands Pharmacy' is 348m from large shopping centre 'Express Auto Centre',centre has NO pharmacy; pharmacy 348m from centre
5,0.8,Item 124,TAS,Complete Care Pharmacy Burnie,"12A Wilson Street, BURNIE, TAS, 7320",Express Auto Centre,497.0,20,5000.0,0,Pharmacy 'Complete Care Pharmacy Burnie' is 497m from large shopping centre 'Express Auto Centre',centre has NO pharmacy; pharmacy 497m from centre
6,0.8,Item 124,TAS,Burnie Plaza Pharmacy,"Shop 6 24 Mount Street, BURNIE, TAS, 7320",Express Auto Centre,447.0,20,5000.0,0,Pharmacy 'Burnie Plaza Pharmacy' is 447m from large shopping centre 'Express Auto Centre',centre has NO pharmacy; pharmacy 447m from centre
7,0.8,Item 124,TAS,Dixon's Pharmacy,"112 Goldie Street, WYNYARD, TAS, 7325",Subway,453.0,20,5000.0,0,Pharmacy 'Dixon's Pharmacy' is 453m from large shopping centre 'Subway',centre has NO pharmacy; pharmacy 453m from centre
8,0.8,Item 124,TAS,Evandale Pharmacy,"8A High Street, EVANDALE, TAS, 7212",Jardin Skin Care Apothecary Tonics,420.0,20,5000.0,0,Pharmacy 'Evandale Pharmacy' is 420m from large shopping centre 'Jardin Skin Care Apothecary Tonics',centre has NO pharmacy; pharmacy 420m from centre
9,0.8,Item 124,TAS,Chemist Warehouse Moonah,"38 to 74 Main Road, Moonah, TAS, 7009",Autobarn,394.0,20,5000.0,0,Pharmacy 'Chemist Warehouse Moonah' is 394m from large shopping centre 'Autobarn',centre has NO pharmacy; pharmacy 394m from centre
10,0.8,Item 124,TAS,Priceline Pharmacy Bridgewater,"SHOP 5, GREEN POINT PLAZA, 24-28 GREEN POINT ROAD, BRIDGEWATER, TAS, 7030",Green Point Plaza,310.0,20,5000.0,0,Pharmacy 'Priceline Pharmacy Bridgewater' is 310m from large shopping centre 'Green Point Plaza',centre has NO pharmacy; pharmacy 310m from centre
11,0.8,Item 124,TAS,Priceline Pharmacy Kingston,"SHOP 30, CHANNEL COURT SHOPPING CENTRE, CHANNEL HIGHWAY, KINGSTON, TAS, 7050",Total Tools,368.0,20,5000.0,0,Pharmacy 'Priceline Pharmacy Kingston' is 368m from large shopping centre 'Total Tools',centre has NO pharmacy; pharmacy 368m from centre
12,0.8,Item 124,TAS,Westbury Pharmacy,TAS,Westbury Rural Services,489.0,20,5000.0,0,Pharmacy 'Westbury Pharmacy' is 489m from large shopping centre 'Westbury Rural Services',centre has NO pharmacy; pharmacy 489m from centre
13,0.75,Item 124,TAS,Fitzpatrick's Pharmacy,"231 Charles Street, LAUNCESTON, TAS, 7250",Tool Kit Depot,615.0,20,5000.0,0,Pharmacy 'Fitzpatrick's Pharmacy' is 615m from large shopping centre 'Tool Kit Depot',centre has NO pharmacy; pharmacy 615m from centre
14,0.75,Item 124,TAS,Fitzpatrick's Pharmacy,"231 Charles Street, LAUNCESTON, TAS, 7250",Tamar Marine,703.0,20,5000.0,0,Pharmacy 'Fitzpatrick's Pharmacy' is 703m from large shopping centre 'Tamar Marine',centre has NO pharmacy; pharmacy 703m from centre
15,0.75,Item 124,TAS,TerryWhite Chemmart Latrobe,"45a Gilbert Street, LATROBE, TAS, 7307",Belly's Pizza and Takeaway,579.0,20,5000.0,0,Pharmacy 'TerryWhite Chemmart Latrobe' is 579m from large shopping centre 'Belly's Pizza and Takeaway',centre has NO pharmacy; pharmacy 579m from centre
16,0.75,Item 124,TAS,Derwent Park Pharmacy,"254 Main Road, DERWENT PARK, TAS, 7009",Beacon Lighting,518.0,20,5000.0,0,Pharmacy 'Derwent Park Pharmacy' is 518m from large shopping centre 'Beacon Lighting',centre has NO pharmacy; pharmacy 518m from centre
17,0.75,Item 124,TAS,Derwent Park Pharmacy,"254 Main Road, DERWENT PARK, TAS, 7009",Harvey Norman,528.0,20,5000.0,0,Pharmacy 'Derwent Park Pharmacy' is 528m from large shopping centre 'Harvey Norman',centre has NO pharmacy; pharmacy 528m from centre
18,0.75,Item 124,TAS,Derwent Park Pharmacy,"254 Main Road, DERWENT PARK, TAS, 7009",BCF,565.0,20,5000.0,0,Pharmacy 'Derwent Park Pharmacy' is 565m from large shopping centre 'BCF',centre has NO pharmacy; pharmacy 565m from centre
19,0.75,Item 124,TAS,Friendly Care Advantage Moonah,"67 Hopkins Street, MOONAH, TAS, 7009",GO PIZZA,706.0,20,5000.0,0,Pharmacy 'Friendly Care Advantage Moonah' is 706m from large shopping centre 'GO PIZZA',centre has NO pharmacy; pharmacy 706m from centre
20,0.75,Item 124,TAS,Friendly Care Advantage Moonah,"67 Hopkins Street, MOONAH, TAS, 7009",BCF,722.0,20,5000.0,0,Pharmacy 'Friendly Care Advantage Moonah' is 722m from large shopping centre 'BCF',centre has NO pharmacy; pharmacy 722m from centre
21,0.75,Item 124,TAS,Friendly Care Advantage Moonah,"67 Hopkins Street, MOONAH, TAS, 7009",Harvey Norman,744.0,20,5000.0,0,Pharmacy 'Friendly Care Advantage Moonah' is 744m from large shopping centre 'Harvey Norman',centre has NO pharmacy; pharmacy 744m from centre
22,0.75,Item 124,TAS,Friendly Care Advantage Moonah,"67 Hopkins Street, MOONAH, TAS, 7009",Beacon Lighting,770.0,20,5000.0,0,Pharmacy 'Friendly Care Advantage Moonah' is 770m from large shopping centre 'Beacon Lighting',centre has NO pharmacy; pharmacy 770m from centre
23,0.75,Item 124,TAS,Chemist Warehouse Moonah,"68-74 Main Road, MOONAH, TAS, 7009",Fantastic Furniture,510.0,20,5000.0,0,Pharmacy 'Chemist Warehouse Moonah' is 510m from large shopping centre 'Fantastic Furniture',centre has NO pharmacy; pharmacy 510m from centre
24,0.75,Item 124,TAS,Chemist Warehouse Moonah,"68-74 Main Road, MOONAH, TAS, 7009",GO PIZZA,632.0,20,5000.0,0,Pharmacy 'Chemist Warehouse Moonah' is 632m from large shopping centre 'GO PIZZA',centre has NO pharmacy; pharmacy 632m from centre
25,0.75,Item 124,TAS,Chemist Warehouse New Town,"Shop 10 New Town Plaza 1 Risdon Road, NEW TOWN, TAS, 7008",GO PIZZA,676.0,20,5000.0,0,Pharmacy 'Chemist Warehouse New Town' is 676m from large shopping centre 'GO PIZZA',centre has NO pharmacy; pharmacy 676m from centre
26,0.75,Item 124,TAS,Galloways Pharmacy,"15 King Street, SCOTTSDALE, TAS, 7260",Roberts Ltd Scottsdale,747.0,20,5000.0,0,Pharmacy 'Galloways Pharmacy' is 747m from large shopping centre 'Roberts Ltd Scottsdale',centre has NO pharmacy; pharmacy 747m from centre
27,0.75,Item 124,TAS,Scottsdale Pharmacy,"21 Alfred Street, Unit 1, SCOTTSDALE, TAS, 7260",Roberts Ltd Scottsdale,541.0,20,5000.0,0,Pharmacy 'Scottsdale Pharmacy' is 541m from large shopping centre 'Roberts Ltd Scottsdale',centre has NO pharmacy; pharmacy 541m from centre
28,0.75,Item 124,TAS,TerryWhite Chemmart Kingston Town,"Shop 10-15b Kingston Town Shopping Centre, 37-59 Maranoa Road, KINGSTON, TAS, 7050",Total Tools,760.0,20,5000.0,0,Pharmacy 'TerryWhite Chemmart Kingston Town' is 760m from large shopping centre 'Total Tools',centre has NO pharmacy; pharmacy 760m from centre
29,0.75,Item 124,TAS,TerryWhite Chemmart Margate,"1710 Channel Highway, MARGATE, TAS, 7054",Brookfield,644.0,24,6000.0,0,Pharmacy 'TerryWhite Chemmart Margate' is 644m from large shopping centre 'Brookfield',centre has NO pharmacy; pharmacy 644m from centre
30,0.75,Item 124,TAS,Chemist Warehouse Moonah,"38 to 74 Main Road, Moonah, TAS, 7009",Fantastic Furniture,633.0,20,5000.0,0,Pharmacy 'Chemist Warehouse Moonah' is 633m from large shopping centre 'Fantastic Furniture',centre has NO pharmacy; pharmacy 633m from centre
31,0.75,Item 124,TAS,Chemist Warehouse Moonah,"38 to 74 Main Road, Moonah, TAS, 7009",GO PIZZA,702.0,20,5000.0,0,Pharmacy 'Chemist Warehouse Moonah' is 702m from large shopping centre 'GO PIZZA',centre has NO pharmacy; pharmacy 702m from centre
32,0.75,Item 124,TAS,TerryWhite Chemmart Channel Margate,"1703 Channel Highway, Margate, TAS, 7054",Brookfield,541.0,24,6000.0,0,Pharmacy 'TerryWhite Chemmart Channel Margate' is 541m from large shopping centre 'Brookfield',centre has NO pharmacy; pharmacy 541m from centre
33,0.75,Item 124,TAS,TerryWhite Chemmart Riverside,"Shop 4, Riverside Plaza, Riverside, TAS, 7250",Woolworths Riverside,738.0,20,5000.0,0,Pharmacy 'TerryWhite Chemmart Riverside' is 738m from large shopping centre 'Woolworths Riverside',centre has NO pharmacy; pharmacy 738m from centre
34,0.75,Item 124,TAS,Invermay Discount Drug Store,,Tool Kit Depot,657.0,20,5000.0,0,Pharmacy 'Invermay Discount Drug Store' is 657m from large shopping centre 'Tool Kit Depot',centre has NO pharmacy; pharmacy 657m from centre
35,0.75,Item 124,TAS,Chemists' Own Trevallyn Pharmacy,TAS,Tamar Marine,729.0,20,5000.0,0,Pharmacy 'Chemists' Own Trevallyn Pharmacy' is 729m from large shopping centre 'Tamar Marine',centre has NO pharmacy; pharmacy 729m from centre
36,0.7,Item 125,TAS,Oatlands Pharmacy,"90 High Street, OATLANDS, TAS, 7120",The Pancake & Crepe Shop,1033.0,20,5000.0,0,Pharmacy 'Oatlands Pharmacy' is 1033m from large shopping centre 'The Pancake & Crepe Shop',centre has NO pharmacy
37,0.7,Item 125,TAS,Meadow Mews Pharmacy,"Shop 15 Meadow Mews Shopping Centre, 102 - 106 Hobart Road, KINGS MEADOWS, TAS, 7249",DongSheng,1062.0,20,5000.0,0,Pharmacy 'Meadow Mews Pharmacy' is 1062m from large shopping centre 'DongSheng',centre has NO pharmacy
38,0.7,Item 125,TAS,Pharmacy and Co Kings Meadows,"133 Hobart Road, KINGS MEADOWS, TAS, 7249",DongSheng,1099.0,20,5000.0,0,Pharmacy 'Pharmacy and Co Kings Meadows' is 1099m from large shopping centre 'DongSheng',centre has NO pharmacy
39,0.7,Item 124,TAS,Slade Pharmacy Kings Meadows,"86 Hobart Road, KINGS MEADOWS, TAS, 7249",DongSheng,884.0,20,5000.0,0,Pharmacy 'Slade Pharmacy Kings Meadows' is 884m from large shopping centre 'DongSheng',centre has NO pharmacy
40,0.7,Item 125,TAS,Chemist Warehouse South Launceston,"98 Wellington Street, LAUNCESTON, TAS, 7250",Tamar Marine,1051.0,20,5000.0,0,Pharmacy 'Chemist Warehouse South Launceston' is 1051m from large shopping centre 'Tamar Marine',centre has NO pharmacy
41,0.7,Item 125,TAS,Chemist Warehouse South Launceston,"98 Wellington Street, LAUNCESTON, TAS, 7250",Basin Cafe,1453.0,20,5000.0,0,Pharmacy 'Chemist Warehouse South Launceston' is 1453m from large shopping centre 'Basin Cafe',centre has NO pharmacy
42,0.7,Item 125,TAS,Hatton & Laws Soul Pattinson Pharmacy,"102 Charles Street, LAUNCESTON, TAS, 7250",Tamar Marine,1172.0,20,5000.0,0,Pharmacy 'Hatton & Laws Soul Pattinson Pharmacy' is 1172m from large shopping centre 'Tamar Marine',centre has NO pharmacy
43,0.7,Item 125,TAS,Hatton & Laws Soul Pattinson Pharmacy,"102 Charles Street, LAUNCESTON, TAS, 7250",Tool Kit Depot,1494.0,20,5000.0,0,Pharmacy 'Hatton & Laws Soul Pattinson Pharmacy' is 1494m from large shopping centre 'Tool Kit Depot',centre has NO pharmacy
44,0.7,Item 124,TAS,Chemist Warehouse Launceston,"112A -116 Charles Street, LAUNCESTON, TAS, 7250",Tamar Marine,896.0,20,5000.0,0,Pharmacy 'Chemist Warehouse Launceston' is 896m from large shopping centre 'Tamar Marine',centre has NO pharmacy
45,0.7,Item 125,TAS,Chemist Warehouse Launceston,"112A -116 Charles Street, LAUNCESTON, TAS, 7250",Tool Kit Depot,1102.0,20,5000.0,0,Pharmacy 'Chemist Warehouse Launceston' is 1102m from large shopping centre 'Tool Kit Depot',centre has NO pharmacy
46,0.7,Item 124,TAS,Pharmacy and Co Launceston,"68a Brisbane Street, LAUNCESTON, TAS, 7250",Tool Kit Depot,996.0,20,5000.0,0,Pharmacy 'Pharmacy and Co Launceston' is 996m from large shopping centre 'Tool Kit Depot',centre has NO pharmacy
47,0.7,Item 125,TAS,Pharmacy and Co Launceston,"68a Brisbane Street, LAUNCESTON, TAS, 7250",Tamar Marine,1087.0,20,5000.0,0,Pharmacy 'Pharmacy and Co Launceston' is 1087m from large shopping centre 'Tamar Marine',centre has NO pharmacy
48,0.7,Item 125,TAS,TerryWhite Chemmart Launceston City,"27-29 Brisbane Street, LAUNCESTON, TAS, 7250",Tool Kit Depot,1085.0,20,5000.0,0,Pharmacy 'TerryWhite Chemmart Launceston City' is 1085m from large shopping centre 'Tool Kit Depot',centre has NO pharmacy
49,0.7,Item 125,TAS,TerryWhite Chemmart Launceston City,"27-29 Brisbane Street, LAUNCESTON, TAS, 7250",Tamar Marine,1376.0,20,5000.0,0,Pharmacy 'TerryWhite Chemmart Launceston City' is 1376m from large shopping centre 'Tamar Marine',centre has NO pharmacy
50,0.7,Item 125,TAS,Chemist Warehouse Racecourse,"1-3 Innes Street, LAUNCESTON, TAS, 7250",Tool Kit Depot,1328.0,20,5000.0,0,Pharmacy 'Chemist Warehouse Racecourse' is 1328m from large shopping centre 'Tool Kit Depot',centre has NO pharmacy
51,0.7,Item 125,TAS,Priceline Pharmacy Launceston Plaza,"Launceston Shopping Plaza, Shop 1, 15 Racecourse Crescent, LAUNCESTON, TAS, 7250",Tool Kit Depot,1463.0,20,5000.0,0,Pharmacy 'Priceline Pharmacy Launceston Plaza' is 1463m from large shopping centre 'Tool Kit Depot',centre has NO pharmacy
52,0.7,Item 125,TAS,TerryWhite Chemmart Mowbray,"4/282 Invermay Road, MOWBRAY, TAS, 7248",Pellows Saws & Mowers,1443.0,20,5000.0,0,Pharmacy 'TerryWhite Chemmart Mowbray' is 1443m from large shopping centre 'Pellows Saws & Mowers',centre has NO pharmacy
53,0.7,Item 125,TAS,Chemist Warehouse Mowbray,"Shop 8, 25 Vermont Road, MOWBRAY, TAS, 7248",Pellows Saws & Mowers,1294.0,20,5000.0,0,Pharmacy 'Chemist Warehouse Mowbray' is 1294m from large shopping centre 'Pellows Saws & Mowers',centre has NO pharmacy
54,0.7,Item 124,TAS,TerryWhite Chemmart Latrobe,"45a Gilbert Street, LATROBE, TAS, 7307",Latrobe's Top Shop,907.0,20,5000.0,0,Pharmacy 'TerryWhite Chemmart Latrobe' is 907m from large shopping centre 'Latrobe's Top Shop',centre has NO pharmacy
55,0.7,Item 124,TAS,Priceline Pharmacy Ulverstone,"66 Reibey Street, ULVERSTONE, TAS, 7315",EG Australia,909.0,20,5000.0,0,Pharmacy 'Priceline Pharmacy Ulverstone' is 909m from large shopping centre 'EG Australia',centre has NO pharmacy
56,0.7,Item 124,TAS,Peter Thompson's Pharmacy,"13 Reibey Street, ULVERSTONE, TAS, 7315",EG Australia,851.0,20,5000.0,0,Pharmacy 'Peter Thompson's Pharmacy' is 851m from large shopping centre 'EG Australia',centre has NO pharmacy
57,0.7,Item 125,TAS,Fullife Pharmacy - Ulverstone,"24 King Edward Street, ULVERSTONE, TAS, 7315",EG Australia,1043.0,20,5000.0,0,Pharmacy 'Fullife Pharmacy - Ulverstone' is 1043m from large shopping centre 'EG Australia',centre has NO pharmacy
58,0.7,Item 125,TAS,Chemist Warehouse Glenorchy,"371 Main Road, GLENORCHY, TAS, 7010",Jackson Motor Company,1379.0,20,5000.0,0,Pharmacy 'Chemist Warehouse Glenorchy' is 1379m from large shopping centre 'Jackson Motor Company',centre has NO pharmacy
59,0.7,Item 125,TAS,Chemist Warehouse Glenorchy,"371 Main Road, GLENORCHY, TAS, 7010",Harvey Norman,1462.0,20,5000.0,0,Pharmacy 'Chemist Warehouse Glenorchy' is 1462m from large shopping centre 'Harvey Norman',centre has NO pharmacy
60,0.7,Item 125,TAS,Chemist Warehouse Glenorchy,"371 Main Road, GLENORCHY, TAS, 7010",Beacon Lighting,1472.0,20,5000.0,0,Pharmacy 'Chemist Warehouse Glenorchy' is 1472m from large shopping centre 'Beacon Lighting',centre has NO pharmacy
61,0.7,Item 125,TAS,Priceline Pharmacy Glenorchy,"346 Main Road, GLENORCHY, TAS, 7010",Jackson Motor Company,1214.0,20,5000.0,0,Pharmacy 'Priceline Pharmacy Glenorchy' is 1214m from large shopping centre 'Jackson Motor Company',centre has NO pharmacy
62,0.7,Item 125,TAS,Priceline Pharmacy Glenorchy,"346 Main Road, GLENORCHY, TAS, 7010",Harvey Norman,1299.0,20,5000.0,0,Pharmacy 'Priceline Pharmacy Glenorchy' is 1299m from large shopping centre 'Harvey Norman',centre has NO pharmacy
63,0.7,Item 125,TAS,Priceline Pharmacy Glenorchy,"346 Main Road, GLENORCHY, TAS, 7010",Beacon Lighting,1307.0,20,5000.0,0,Pharmacy 'Priceline Pharmacy Glenorchy' is 1307m from large shopping centre 'Beacon Lighting',centre has NO pharmacy
64,0.7,Item 125,TAS,Priceline Pharmacy Glenorchy,"346 Main Road, GLENORCHY, TAS, 7010",BCF,1351.0,20,5000.0,0,Pharmacy 'Priceline Pharmacy Glenorchy' is 1351m from large shopping centre 'BCF',centre has NO pharmacy
65,0.7,Item 125,TAS,Blooms the Chemist Glenorchy,"Shop 14 Centro Glenorchy, GLENORCHY, TAS, 7010",Jackson Motor Company,1279.0,20,5000.0,0,Pharmacy 'Blooms the Chemist Glenorchy' is 1279m from large shopping centre 'Jackson Motor Company',centre has NO pharmacy
66,0.7,Item 125,TAS,Blooms the Chemist Glenorchy,"Shop 14 Centro Glenorchy, GLENORCHY, TAS, 7010",Harvey Norman,1352.0,20,5000.0,0,Pharmacy 'Blooms the Chemist Glenorchy' is 1352m from large shopping centre 'Harvey Norman',centre has NO pharmacy
67,0.7,Item 125,TAS,Blooms the Chemist Glenorchy,"Shop 14 Centro Glenorchy, GLENORCHY, TAS, 7010",Beacon Lighting,1369.0,20,5000.0,0,Pharmacy 'Blooms the Chemist Glenorchy' is 1369m from large shopping centre 'Beacon Lighting',centre has NO pharmacy
68,0.7,Item 125,TAS,Blooms the Chemist Glenorchy,"Shop 14 Centro Glenorchy, GLENORCHY, TAS, 7010",BCF,1411.0,20,5000.0,0,Pharmacy 'Blooms the Chemist Glenorchy' is 1411m from large shopping centre 'BCF',centre has NO pharmacy
69,0.7,Item 125,TAS,Derwent Park Pharmacy,"254 Main Road, DERWENT PARK, TAS, 7009",Fantastic Furniture,1137.0,20,5000.0,0,Pharmacy 'Derwent Park Pharmacy' is 1137m from large shopping centre 'Fantastic Furniture',centre has NO pharmacy
70,0.7,Item 124,TAS,Friendly Care Advantage Moonah,"67 Hopkins Street, MOONAH, TAS, 7009",Jackson Motor Company,857.0,20,5000.0,0,Pharmacy 'Friendly Care Advantage Moonah' is 857m from large shopping centre 'Jackson Motor Company',centre has NO pharmacy
71,0.7,Item 124,TAS,Chemist Warehouse Moonah,"68-74 Main Road, MOONAH, TAS, 7009",BCF,810.0,20,5000.0,0,Pharmacy 'Chemist Warehouse Moonah' is 810m from large shopping centre 'BCF',centre has NO pharmacy
72,0.7,Item 124,TAS,Chemist Warehouse Moonah,"68-74 Main Road, MOONAH, TAS, 7009",Harvey Norman,820.0,20,5000.0,0,Pharmacy 'Chemist Warehouse Moonah' is 820m from large shopping centre 'Harvey Norman',centre has NO pharmacy
73,0.7,Item 124,TAS,Chemist Warehouse Moonah,"68-74 Main Road, MOONAH, TAS, 7009",Beacon Lighting,857.0,20,5000.0,0,Pharmacy 'Chemist Warehouse Moonah' is 857m from large shopping centre 'Beacon Lighting',centre has NO pharmacy
74,0.7,Item 124,TAS,Chemist Warehouse Moonah,"68-74 Main Road, MOONAH, TAS, 7009",Jackson Motor Company,938.0,20,5000.0,0,Pharmacy 'Chemist Warehouse Moonah' is 938m from large shopping centre 'Jackson Motor Company',centre has NO pharmacy
75,0.7,Item 125,TAS,Friendly Care Advantage New Town,"127 New Town Road, NEW TOWN, TAS, 7008",GO PIZZA,1067.0,20,5000.0,0,Pharmacy 'Friendly Care Advantage New Town' is 1067m from large shopping centre 'GO PIZZA',centre has NO pharmacy
76,0.7,Item 125,TAS,Burnie Plaza Pharmacy,"Shop 6 24 Mount Street, BURNIE, TAS, 7320",West Park Grove Supermarket,1396.0,20,5000.0,0,Pharmacy 'Burnie Plaza Pharmacy' is 1396m from large shopping centre 'West Park Grove Supermarket',centre has NO pharmacy
77,0.7,Item 125,TAS,Complete Care Pharmacy South Hobart,"360 Macquarie Street, SOUTH HOBART, TAS, 7004",Visitor Centre,1341.0,20,5000.0,0,Pharmacy 'Complete Care Pharmacy South Hobart' is 1341m from large shopping centre 'Visitor Centre',centre has NO pharmacy
78,0.7,Item 125,TAS,Priceline Pharmacy Kingston,"Shop 30 Channel Court Shopping Centre, 29 Channel Highway, KINGSTON, TAS, 7050",Total Tools,1431.0,20,5000.0,0,Pharmacy 'Priceline Pharmacy Kingston' is 1431m from large shopping centre 'Total Tools',centre has NO pharmacy
79,0.7,Item 124,TAS,Chemist Warehouse New Town TAS,"Shop 10 Centro New Town Plaza 1 Risdon Rd, New Town, TAS, 7008",GO PIZZA,946.0,20,5000.0,0,Pharmacy 'Chemist Warehouse New Town TAS' is 946m from large shopping centre 'GO PIZZA',centre has NO pharmacy
80,0.7,Item 124,TAS,Chemist Warehouse Moonah,"38 to 74 Main Road, Moonah, TAS, 7009",Harvey Norman,815.0,20,5000.0,0,Pharmacy 'Chemist Warehouse Moonah' is 815m from large shopping centre 'Harvey Norman',centre has NO pharmacy
81,0.7,Item 124,TAS,Chemist Warehouse Moonah,"38 to 74 Main Road, Moonah, TAS, 7009",BCF,821.0,20,5000.0,0,Pharmacy 'Chemist Warehouse Moonah' is 821m from large shopping centre 'BCF',centre has NO pharmacy
82,0.7,Item 124,TAS,Chemist Warehouse Moonah,"38 to 74 Main Road, Moonah, TAS, 7009",Beacon Lighting,865.0,20,5000.0,0,Pharmacy 'Chemist Warehouse Moonah' is 865m from large shopping centre 'Beacon Lighting',centre has NO pharmacy
83,0.7,Item 124,TAS,Chemist Warehouse Moonah,"38 to 74 Main Road, Moonah, TAS, 7009",Jackson Motor Company,936.0,20,5000.0,0,Pharmacy 'Chemist Warehouse Moonah' is 936m from large shopping centre 'Jackson Motor Company',centre has NO pharmacy
84,0.7,Item 125,TAS,Chemist Warehouse Mowbray,"Shop 8 25 Vermont Road, Mowbray, TAS, 7248",Pellows Saws & Mowers,1376.0,20,5000.0,0,Pharmacy 'Chemist Warehouse Mowbray' is 1376m from large shopping centre 'Pellows Saws & Mowers',centre has NO pharmacy
85,0.7,Item 125,TAS,Invermay Discount Drug Store,,Pellows Saws & Mowers,1192.0,20,5000.0,0,Pharmacy 'Invermay Discount Drug Store' is 1192m from large shopping centre 'Pellows Saws & Mowers',centre has NO pharmacy
86,0.7,Item 125,TAS,Invermay Discount Drug Store,,Tamar Marine,1470.0,20,5000.0,0,Pharmacy 'Invermay Discount Drug Store' is 1470m from large shopping centre 'Tamar Marine',centre has NO pharmacy
87,0.7,Item 125,TAS,Chemist Warehouse,,Jackson Motor Company,1197.0,20,5000.0,0,Pharmacy 'Chemist Warehouse' is 1197m from large shopping centre 'Jackson Motor Company',centre has NO pharmacy
88,0.7,Item 125,TAS,Chemist Warehouse,,Harvey Norman,1276.0,20,5000.0,0,Pharmacy 'Chemist Warehouse' is 1276m from large shopping centre 'Harvey Norman',centre has NO pharmacy
89,0.7,Item 125,TAS,Chemist Warehouse,,Beacon Lighting,1289.0,20,5000.0,0,Pharmacy 'Chemist Warehouse' is 1289m from large shopping centre 'Beacon Lighting',centre has NO pharmacy
90,0.7,Item 125,TAS,Chemist Warehouse,,BCF,1332.0,20,5000.0,0,Pharmacy 'Chemist Warehouse' is 1332m from large shopping centre 'BCF',centre has NO pharmacy
91,0.7,Item 125,TAS,Chemists' Own Trevallyn Pharmacy,TAS,Tool Kit Depot,1052.0,20,5000.0,0,Pharmacy 'Chemists' Own Trevallyn Pharmacy' is 1052m from large shopping centre 'Tool Kit Depot',centre has NO pharmacy
92,0.7,Item 125,TAS,Chemists' Own Trevallyn Pharmacy,TAS,Basin Cafe,1195.0,20,5000.0,0,Pharmacy 'Chemists' Own Trevallyn Pharmacy' is 1195m from large shopping centre 'Basin Cafe',centre has NO pharmacy
93,0.7,Item 125,TAS,Amcal,"502, Main Road, Montrose, TAS, 7010",MONA Tickets + Info,1492.0,20,5000.0,0,Pharmacy 'Amcal' is 1492m from large shopping centre 'MONA Tickets + Info',centre has NO pharmacy
94,0.7,Item 124,TAS,Priceline Pharmacy,TAS,Tamar Marine,898.0,20,5000.0,0,Pharmacy 'Priceline Pharmacy' is 898m from large shopping centre 'Tamar Marine',centre has NO pharmacy
95,0.7,Item 125,TAS,Priceline Pharmacy,TAS,Tool Kit Depot,1013.0,20,5000.0,0,Pharmacy 'Priceline Pharmacy' is 1013m from large shopping centre 'Tool Kit Depot',centre has NO pharmacy
96,0.7,Item 124,TAS,Westbury Pharmacy,TAS,IGA,881.0,20,5000.0,0,Pharmacy 'Westbury Pharmacy' is 881m from large shopping centre 'IGA',centre has NO pharmacy
97,0.65,Item 124,TAS,Complete Care Pharmacy Health Hub,"Ground Floor, 237-241 Wellington Street, LAUNCESTON, TAS, 7250",Reddy Express,453.0,20,5000.0,1,Pharmacy 'Complete Care Pharmacy Health Hub' is 453m from large shopping centre 'Reddy Express',pharmacy 453m from centre
98,0.65,Item 124,TAS,Hatton & Laws Soul Pattinson Pharmacy,"102 Charles Street, LAUNCESTON, TAS, 7250",Reddy Express,398.0,20,5000.0,1,Pharmacy 'Hatton & Laws Soul Pattinson Pharmacy' is 398m from large shopping centre 'Reddy Express',pharmacy 398m from centre
99,0.65,Item 124,TAS,Pharmacy and Co Launceston,"68a Brisbane Street, LAUNCESTON, TAS, 7250",Anaconda,406.0,20,5000.0,1,Pharmacy 'Pharmacy and Co Launceston' is 406m from large shopping centre 'Anaconda',pharmacy 406m from centre
100,0.65,Item 124,TAS,Pharmacy and Co Launceston,"68a Brisbane Street, LAUNCESTON, TAS, 7250",Gateway Shopping Centre (Launceston),448.0,28,7000.0,1,Pharmacy 'Pharmacy and Co Launceston' is 448m from large shopping centre 'Gateway Shopping Centre (Launceston)',pharmacy 448m from centre
101,0.65,Item 124,TAS,Priceline Pharmacy Ulverstone,"66 Reibey Street, ULVERSTONE, TAS, 7315",McDonald's,312.0,20,5000.0,1,Pharmacy 'Priceline Pharmacy Ulverstone' is 312m from large shopping centre 'McDonald's',pharmacy 312m from centre
102,0.65,Item 124,TAS,Peter Thompson's Pharmacy,"13 Reibey Street, ULVERSTONE, TAS, 7315",McDonald's,371.0,20,5000.0,1,Pharmacy 'Peter Thompson's Pharmacy' is 371m from large shopping centre 'McDonald's',pharmacy 371m from centre
103,0.65,Item 124,TAS,New Norfolk Amcal Community Pharmacy,"53 High Street, NEW NORFOLK, TAS, 7140",Mountain Engineering,411.0,20,5000.0,1,Pharmacy 'New Norfolk Amcal Community Pharmacy' is 411m from large shopping centre 'Mountain Engineering',pharmacy 411m from centre
104,0.65,Item 124,TAS,Rosetta Pharmacy,"500 - 502 Main Road, MONTROSE, TAS, 7010",Glenorchy Central,427.0,40,10000.0,1,Pharmacy 'Rosetta Pharmacy' is 427m from large shopping centre 'Glenorchy Central',pharmacy 427m from centre
105,0.65,Item 124,TAS,Chemist Warehouse Northgate Shopping Centre,"Shop G046 Northgate SC, 387-393 Main Road, GLENORCHY, TAS, 7010",Club Hotel,369.0,20,5000.0,1,Pharmacy 'Chemist Warehouse Northgate Shopping Centre' is 369m from large shopping centre 'Club Hotel',pharmacy 369m from centre
106,0.65,Item 124,TAS,Chemist Warehouse Northgate Shopping Centre,"Shop G046 Northgate SC, 387-393 Main Road, GLENORCHY, TAS, 7010",Thirsty Camel Glenorchy,420.0,20,5000.0,1,Pharmacy 'Chemist Warehouse Northgate Shopping Centre' is 420m from large shopping centre 'Thirsty Camel Glenorchy',pharmacy 420m from centre
107,0.65,Item 124,TAS,Chemist Warehouse Glenorchy,"371 Main Road, GLENORCHY, TAS, 7010",Glenorchy Central,446.0,40,10000.0,1,Pharmacy 'Chemist Warehouse Glenorchy' is 446m from large shopping centre 'Glenorchy Central',pharmacy 446m from centre
108,0.65,Item 124,TAS,Friendly Care Advantage Moonah,"67 Hopkins Street, MOONAH, TAS, 7009",Autobarn,367.0,20,5000.0,1,Pharmacy 'Friendly Care Advantage Moonah' is 367m from large shopping centre 'Autobarn',pharmacy 367m from centre
109,0.65,Item 124,TAS,Friendly Care Advantage New Town,"127 New Town Road, NEW TOWN, TAS, 7008",New Town Plaza,464.0,20,5000.0,1,Pharmacy 'Friendly Care Advantage New Town' is 464m from large shopping centre 'New Town Plaza',pharmacy 464m from centre
110,0.65,Item 124,TAS,Chemist Warehouse Sorell,"2 Gordon Street, SORELL, TAS, 7172",Sorell Village,367.0,20,5000.0,1,Pharmacy 'Chemist Warehouse Sorell' is 367m from large shopping centre 'Sorell Village',pharmacy 367m from centre
111,0.65,Item 124,TAS,TerryWhite Chemmart Sorell,"31 Gordon Street, SORELL, TAS, 7172",Coles Plaza,402.0,20,5000.0,1,Pharmacy 'TerryWhite Chemmart Sorell' is 402m from large shopping centre 'Coles Plaza',pharmacy 402m from centre
112,0.65,Item 124,TAS,TerryWhite Chemmart Sorell,"31 Gordon Street, SORELL, TAS, 7172",Gateway Shopping Centre,444.0,20,5000.0,1,Pharmacy 'TerryWhite Chemmart Sorell' is 444m from large shopping centre 'Gateway Shopping Centre',pharmacy 444m from centre
113,0.65,Item 124,TAS,Chemist Warehouse New Town TAS,"Shop 10 Centro New Town Plaza 1 Risdon Rd, New Town, TAS, 7008",New Town Plaza,391.0,20,5000.0,1,Pharmacy 'Chemist Warehouse New Town TAS' is 391m from large shopping centre 'New Town Plaza',pharmacy 391m from centre
114,0.65,Item 124,TAS,Priceline Pharmacy Kingston,"SHOP 30, CHANNEL COURT SHOPPING CENTRE, CHANNEL HIGHWAY, KINGSTON, TAS, 7050",Kingston Town Shopping Centre,391.0,20,5000.0,1,Pharmacy 'Priceline Pharmacy Kingston' is 391m from large shopping centre 'Kingston Town Shopping Centre',pharmacy 391m from centre
115,0.6,Item 124,TAS,Chemist Warehouse Launceston,"112A -116 Charles Street, LAUNCESTON, TAS, 7250",Anaconda,611.0,20,5000.0,1,Pharmacy 'Chemist Warehouse Launceston' is 611m from large shopping centre 'Anaconda',pharmacy 611m from centre
116,0.6,Item 124,TAS,Chemist Warehouse Launceston,"112A -116 Charles Street, LAUNCESTON, TAS, 7250",Reddy Express,633.0,20,5000.0,1,Pharmacy 'Chemist Warehouse Launceston' is 633m from large shopping centre 'Reddy Express',pharmacy 633m from centre
117,0.6,Item 124,TAS,Chemist Warehouse Launceston,"112A -116 Charles Street, LAUNCESTON, TAS, 7250",Gateway Shopping Centre (Launceston),730.0,28,7000.0,1,Pharmacy 'Chemist Warehouse Launceston' is 730m from large shopping centre 'Gateway Shopping Centre (Launceston)',pharmacy 730m from centre
118,0.6,Item 124,TAS,TerryWhite Chemmart Launceston City,"27-29 Brisbane Street, LAUNCESTON, TAS, 7250",Anaconda,502.0,20,5000.0,1,Pharmacy 'TerryWhite Chemmart Launceston City' is 502m from large shopping centre 'Anaconda',pharmacy 502m from centre
119,0.6,Item 124,TAS,Chemist Warehouse Racecourse,"1-3 Innes Street, LAUNCESTON, TAS, 7250",Gateway Shopping Centre (Launceston),624.0,28,7000.0,1,Pharmacy 'Chemist Warehouse Racecourse' is 624m from large shopping centre 'Gateway Shopping Centre (Launceston)',pharmacy 624m from centre
120,0.6,Item 124,TAS,Priceline Pharmacy Launceston Plaza,"Launceston Shopping Plaza, Shop 1, 15 Racecourse Crescent, LAUNCESTON, TAS, 7250",Gateway Shopping Centre (Launceston),717.0,28,7000.0,1,Pharmacy 'Priceline Pharmacy Launceston Plaza' is 717m from large shopping centre 'Gateway Shopping Centre (Launceston)',pharmacy 717m from centre
121,0.6,Item 124,TAS,Fullife Pharmacy - Ulverstone,"24 King Edward Street, ULVERSTONE, TAS, 7315",Home Timber & Hardware Ulverstone Building Centre,723.0,20,5000.0,1,Pharmacy 'Fullife Pharmacy - Ulverstone' is 723m from large shopping centre 'Home Timber & Hardware Ulverstone Building Centre',pharmacy 723m from centre
122,0.6,Item 124,TAS,Chemist Warehouse Glenorchy,"371 Main Road, GLENORCHY, TAS, 7010",Club Hotel,607.0,20,5000.0,1,Pharmacy 'Chemist Warehouse Glenorchy' is 607m from large shopping centre 'Club Hotel',pharmacy 607m from centre
123,0.6,Item 124,TAS,Chemist Warehouse Glenorchy,"371 Main Road, GLENORCHY, TAS, 7010",Thirsty Camel Glenorchy,656.0,20,5000.0,1,Pharmacy 'Chemist Warehouse Glenorchy' is 656m from large shopping centre 'Thirsty Camel Glenorchy',pharmacy 656m from centre
124,0.6,Item 124,TAS,Priceline Pharmacy Glenorchy,"346 Main Road, GLENORCHY, TAS, 7010",Glenorchy Central,611.0,40,10000.0,1,Pharmacy 'Priceline Pharmacy Glenorchy' is 611m from large shopping centre 'Glenorchy Central',pharmacy 611m from centre
125,0.6,Item 124,TAS,Priceline Pharmacy Glenorchy,"346 Main Road, GLENORCHY, TAS, 7010",Club Hotel,773.0,20,5000.0,1,Pharmacy 'Priceline Pharmacy Glenorchy' is 773m from large shopping centre 'Club Hotel',pharmacy 773m from centre
126,0.6,Item 124,TAS,Blooms the Chemist Glenorchy,"Shop 14 Centro Glenorchy, GLENORCHY, TAS, 7010",Glenorchy Central,540.0,40,10000.0,1,Pharmacy 'Blooms the Chemist Glenorchy' is 540m from large shopping centre 'Glenorchy Central',pharmacy 540m from centre
127,0.6,Item 124,TAS,Blooms the Chemist Glenorchy,"Shop 14 Centro Glenorchy, GLENORCHY, TAS, 7010",Club Hotel,732.0,20,5000.0,1,Pharmacy 'Blooms the Chemist Glenorchy' is 732m from large shopping centre 'Club Hotel',pharmacy 732m from centre
128,0.6,Item 124,TAS,Blooms the Chemist Glenorchy,"Shop 14 Centro Glenorchy, GLENORCHY, TAS, 7010",Thirsty Camel Glenorchy,783.0,20,5000.0,1,Pharmacy 'Blooms the Chemist Glenorchy' is 783m from large shopping centre 'Thirsty Camel Glenorchy',pharmacy 783m from centre
129,0.6,Item 124,TAS,Priceline Pharmacy Kingston,"Shop 30 Channel Court Shopping Centre, 29 Channel Highway, KINGSTON, TAS, 7050",Kingston Town Shopping Centre,688.0,20,5000.0,1,Pharmacy 'Priceline Pharmacy Kingston' is 688m from large shopping centre 'Kingston Town Shopping Centre',pharmacy 688m from centre
130,0.6,Item 124,TAS,Invermay Discount Drug Store,,Anaconda,651.0,20,5000.0,1,Pharmacy 'Invermay Discount Drug Store' is 651m from large shopping centre 'Anaconda',pharmacy 651m from centre
131,0.6,Item 124,TAS,Chemist Warehouse,,Glenorchy Central,615.0,40,10000.0,1,Pharmacy 'Chemist Warehouse' is 615m from large shopping centre 'Glenorchy Central',pharmacy 615m from centre
132,0.6,Item 124,TAS,Chemist Warehouse,,Club Hotel,794.0,20,5000.0,1,Pharmacy 'Chemist Warehouse' is 794m from large shopping centre 'Club Hotel',pharmacy 794m from centre
133,0.6,Item 124,TAS,Amcal,"502, Main Road, Montrose, TAS, 7010",Thirsty Camel Glenorchy,569.0,20,5000.0,1,Pharmacy 'Amcal' is 569m from large shopping centre 'Thirsty Camel Glenorchy',pharmacy 569m from centre
134,0.6,Item 124,TAS,Amcal,"502, Main Road, Montrose, TAS, 7010",Club Hotel,619.0,20,5000.0,1,Pharmacy 'Amcal' is 619m from large shopping centre 'Club Hotel',pharmacy 619m from centre
135,0.6,Item 124,TAS,Priceline Pharmacy,TAS,Anaconda,502.0,20,5000.0,1,Pharmacy 'Priceline Pharmacy' is 502m from large shopping centre 'Anaconda',pharmacy 502m from centre
136,0.6,Item 124,TAS,Priceline Pharmacy,TAS,Gateway Shopping Centre (Launceston),670.0,28,7000.0,1,Pharmacy 'Priceline Pharmacy' is 670m from large shopping centre 'Gateway Shopping Centre (Launceston)',pharmacy 670m from centre
137,0.6,Item 124,TAS,Priceline Pharmacy,TAS,Reddy Express,745.0,20,5000.0,1,Pharmacy 'Priceline Pharmacy' is 745m from large shopping centre 'Reddy Express',pharmacy 745m from centre
138,0.55,Item 125,TAS,Chemist Warehouse South Launceston,"98 Wellington Street, LAUNCESTON, TAS, 7250",Gateway Shopping Centre (Launceston),1071.0,28,7000.0,1,Pharmacy 'Chemist Warehouse South Launceston' is 1071m from large shopping centre 'Gateway Shopping Centre (Launceston)',
139,0.55,Item 125,TAS,Chemist Warehouse South Launceston,"98 Wellington Street, LAUNCESTON, TAS, 7250",Anaconda,1084.0,20,5000.0,1,Pharmacy 'Chemist Warehouse South Launceston' is 1084m from large shopping centre 'Anaconda',
140,0.55,Item 124,TAS,Fitzpatrick's Pharmacy,"231 Charles Street, LAUNCESTON, TAS, 7250",Gateway Shopping Centre (Launceston),876.0,28,7000.0,1,Pharmacy 'Fitzpatrick's Pharmacy' is 876m from large shopping centre 'Gateway Shopping Centre (Launceston)',
141,0.55,Item 125,TAS,Fitzpatrick's Pharmacy,"231 Charles Street, LAUNCESTON, TAS, 7250",Reddy Express,1059.0,20,5000.0,1,Pharmacy 'Fitzpatrick's Pharmacy' is 1059m from large shopping centre 'Reddy Express',
142,0.55,Item 125,TAS,Fitzpatrick's Pharmacy,"231 Charles Street, LAUNCESTON, TAS, 7250",Bella Plaza,1253.0,20,5000.0,1,Pharmacy 'Fitzpatrick's Pharmacy' is 1253m from large shopping centre 'Bella Plaza',
143,0.55,Item 124,TAS,Hatton & Laws Soul Pattinson Pharmacy,"102 Charles Street, LAUNCESTON, TAS, 7250",Gateway Shopping Centre (Launceston),843.0,28,7000.0,1,Pharmacy 'Hatton & Laws Soul Pattinson Pharmacy' is 843m from large shopping centre 'Gateway Shopping Centre (Launceston)',
144,0.55,Item 124,TAS,Hatton & Laws Soul Pattinson Pharmacy,"102 Charles Street, LAUNCESTON, TAS, 7250",Anaconda,981.0,20,5000.0,1,Pharmacy 'Hatton & Laws Soul Pattinson Pharmacy' is 981m from large shopping centre 'Anaconda',
145,0.55,Item 124,TAS,Pharmacy and Co Launceston,"68a Brisbane Street, LAUNCESTON, TAS, 7250",Reddy Express,948.0,20,5000.0,1,Pharmacy 'Pharmacy and Co Launceston' is 948m from large shopping centre 'Reddy Express',
146,0.55,Item 125,TAS,TerryWhite Chemmart Launceston City,"27-29 Brisbane Street, LAUNCESTON, TAS, 7250",Reddy Express,1235.0,20,5000.0,1,Pharmacy 'TerryWhite Chemmart Launceston City' is 1235m from large shopping centre 'Reddy Express',
147,0.55,Item 125,TAS,TerryWhite Chemmart Windsor,"1 Windsor Drive, RIVERSIDE, TAS, 7250",Woolworths Riverside,1203.0,20,5000.0,1,Pharmacy 'TerryWhite Chemmart Windsor' is 1203m from large shopping centre 'Woolworths Riverside',
148,0.55,Item 125,TAS,TerryWhite Chemmart Newstead,"167 Elphin Road, NEWSTEAD, TAS, 7250",Gateway Shopping Centre (Launceston),1493.0,28,7000.0,1,Pharmacy 'TerryWhite Chemmart Newstead' is 1493m from large shopping centre 'Gateway Shopping Centre (Launceston)',
149,0.55,Item 124,TAS,Chemist Warehouse Racecourse,"1-3 Innes Street, LAUNCESTON, TAS, 7250",Anaconda,919.0,20,5000.0,1,Pharmacy 'Chemist Warehouse Racecourse' is 919m from large shopping centre 'Anaconda',
150,0.55,Item 125,TAS,Priceline Pharmacy Launceston Plaza,"Launceston Shopping Plaza, Shop 1, 15 Racecourse Crescent, LAUNCESTON, TAS, 7250",Anaconda,1061.0,20,5000.0,1,Pharmacy 'Priceline Pharmacy Launceston Plaza' is 1061m from large shopping centre 'Anaconda',
151,0.55,Item 124,TAS,Priceline Pharmacy Ulverstone,"66 Reibey Street, ULVERSTONE, TAS, 7315",Home Timber & Hardware Ulverstone Building Centre,891.0,20,5000.0,1,Pharmacy 'Priceline Pharmacy Ulverstone' is 891m from large shopping centre 'Home Timber & Hardware Ulverstone Building Centre',
152,0.55,Item 124,TAS,Peter Thompson's Pharmacy,"13 Reibey Street, ULVERSTONE, TAS, 7315",Home Timber & Hardware Ulverstone Building Centre,941.0,20,5000.0,1,Pharmacy 'Peter Thompson's Pharmacy' is 941m from large shopping centre 'Home Timber & Hardware Ulverstone Building Centre',
153,0.55,Item 124,TAS,Westside Pharmacy,"42 Queen Street, ULVERSTONE, TAS, 7315",McDonald's,801.0,20,5000.0,1,Pharmacy 'Westside Pharmacy' is 801m from large shopping centre 'McDonald's',
154,0.55,Item 124,TAS,Priceline Pharmacy Glenorchy,"346 Main Road, GLENORCHY, TAS, 7010",Thirsty Camel Glenorchy,822.0,20,5000.0,1,Pharmacy 'Priceline Pharmacy Glenorchy' is 822m from large shopping centre 'Thirsty Camel Glenorchy',
155,0.55,Item 125,TAS,Derwent Park Pharmacy,"254 Main Road, DERWENT PARK, TAS, 7009",Glenorchy Central,1413.0,40,10000.0,1,Pharmacy 'Derwent Park Pharmacy' is 1413m from large shopping centre 'Glenorchy Central',
156,0.55,Item 125,TAS,Friendly Care Advantage Moonah,"67 Hopkins Street, MOONAH, TAS, 7009",New Town Plaza,1327.0,20,5000.0,1,Pharmacy 'Friendly Care Advantage Moonah' is 1327m from large shopping centre 'New Town Plaza',
157,0.55,Item 125,TAS,Chemist Warehouse Moonah,"68-74 Main Road, MOONAH, TAS, 7009",New Town Plaza,1274.0,20,5000.0,1,Pharmacy 'Chemist Warehouse Moonah' is 1274m from large shopping centre 'New Town Plaza',
158,0.55,Item 125,TAS,Chemist Warehouse New Town,"Shop 10 New Town Plaza 1 Risdon Road, NEW TOWN, TAS, 7008",Autobarn,1004.0,20,5000.0,1,Pharmacy 'Chemist Warehouse New Town' is 1004m from large shopping centre 'Autobarn',
159,0.55,Item 125,TAS,Friendly Care Advantage New Town,"127 New Town Road, NEW TOWN, TAS, 7008",Autobarn,1407.0,20,5000.0,1,Pharmacy 'Friendly Care Advantage New Town' is 1407m from large shopping centre 'Autobarn',
160,0.55,Item 125,TAS,Augusta Road Pharmacy,"120 Augusta Road, LENAH VALLEY, TAS, 7008",New Town Plaza,1371.0,20,5000.0,1,Pharmacy 'Augusta Road Pharmacy' is 1371m from large shopping centre 'New Town Plaza',
161,0.55,Item 125,TAS,Lenah Valley Pharmacy,"106 Augusta Road, LENAH VALLEY, TAS, 7008",New Town Plaza,1373.0,20,5000.0,1,Pharmacy 'Lenah Valley Pharmacy' is 1373m from large shopping centre 'New Town Plaza',
162,0.55,Item 125,TAS,HPS Pharmacies Lenah Valley,"18 Joynton Street, Calvary Hospital, LENAH VALLEY, TAS, 7008",New Town Plaza,1104.0,20,5000.0,1,Pharmacy 'HPS Pharmacies Lenah Valley' is 1104m from large shopping centre 'New Town Plaza',
163,0.55,Item 125,TAS,Slade Pharmacy New Town,"30 - 36 New Town Road, Shop 1, NEW TOWN, TAS, 7008",New Town Plaza,1304.0,20,5000.0,1,Pharmacy 'Slade Pharmacy New Town' is 1304m from large shopping centre 'New Town Plaza',
164,0.55,Item 124,TAS,Chemist Warehouse Rosny,"Tenancy B, 27 Bligh Street, ROSNY PARK, TAS, 7018",Eastlands Shopping Centre,385.0,94,22000.0,2,Pharmacy 'Chemist Warehouse Rosny' is 385m from large shopping centre 'Eastlands Shopping Centre',pharmacy 385m from centre
165,0.55,Item 125,TAS,Chemist Warehouse Rosny,"Tenancy B, 27 Bligh Street, ROSNY PARK, TAS, 7018",Bellerive Quay,1219.0,24,6000.0,1,Pharmacy 'Chemist Warehouse Rosny' is 1219m from large shopping centre 'Bellerive Quay',
166,0.55,Item 124,TAS,Chemist Warehouse Eastlands Shopping Centre,"Shop G017, Eastlands Shopping Centre, 26 Bligh Street, ROSNY PARK, TAS, 7018",Bellerive Quay,952.0,24,6000.0,1,Pharmacy 'Chemist Warehouse Eastlands Shopping Centre' is 952m from large shopping centre 'Bellerive Quay',
167,0.55,Item 124,TAS,Complete Care Pharmacy Rosny Park,"8 Bayfield Street, Tenancy A, Ground Floor 8, ROSNY PARK, TAS, 7018",Bellerive Quay,973.0,24,6000.0,1,Pharmacy 'Complete Care Pharmacy Rosny Park' is 973m from large shopping centre 'Bellerive Quay',
168,0.55,Item 124,TAS,Rhys Jones Pharmacy,"G2/13 Bayfield Street, BELLERIVE, TAS, 7018",Bellerive Quay,920.0,24,6000.0,1,Pharmacy 'Rhys Jones Pharmacy' is 920m from large shopping centre 'Bellerive Quay',
169,0.55,Item 124,TAS,Kingborough Pharmacy,"11 John Street, KINGSTON, TAS, 7050",Kingston Town Shopping Centre,811.0,20,5000.0,1,Pharmacy 'Kingborough Pharmacy' is 811m from large shopping centre 'Kingston Town Shopping Centre',
170,0.55,Item 124,TAS,TerryWhite Chemmart Kingston Plaza,"Shop 8 - 9 Kingston Plaza, 20 Channel Highway, KINGSTON, TAS, 7050",Kingston Town Shopping Centre,875.0,20,5000.0,1,Pharmacy 'TerryWhite Chemmart Kingston Plaza' is 875m from large shopping centre 'Kingston Town Shopping Centre',
171,0.55,Item 124,TAS,Good Price Pharmacy Warehouse Kingston,"Shop 3 Kingston Gateway, 14 Channel Highway, KINGSTON, TAS, 7050",Channel Court Shopping Centre,365.0,80,16000.0,4,Pharmacy 'Good Price Pharmacy Warehouse Kingston' is 365m from large shopping centre 'Channel Court Shopping Centre',pharmacy 365m from centre
172,0.55,Item 125,TAS,Good Price Pharmacy Warehouse Kingston,"Shop 3 Kingston Gateway, 14 Channel Highway, KINGSTON, TAS, 7050",Kingston Town Shopping Centre,1043.0,20,5000.0,1,Pharmacy 'Good Price Pharmacy Warehouse Kingston' is 1043m from large shopping centre 'Kingston Town Shopping Centre',
173,0.55,Item 125,TAS,Chemist Warehouse New Town TAS,"Shop 10 Centro New Town Plaza 1 Risdon Rd, New Town, TAS, 7008",Autobarn,1288.0,20,5000.0,1,Pharmacy 'Chemist Warehouse New Town TAS' is 1288m from large shopping centre 'Autobarn',
174,0.55,Item 125,TAS,Chemist Warehouse Moonah,"38 to 74 Main Road, Moonah, TAS, 7009",New Town Plaza,1353.0,20,5000.0,1,Pharmacy 'Chemist Warehouse Moonah' is 1353m from large shopping centre 'New Town Plaza',
175,0.55,Item 124,TAS,TerryWhite Chemmart Kingston Plaza,"Shops 8 and 9, Kingston Plaza Shopping Centre, 20 Channel Highway, Kingston, TAS, 7050",Kingston Town Shopping Centre,917.0,20,5000.0,1,Pharmacy 'TerryWhite Chemmart Kingston Plaza' is 917m from large shopping centre 'Kingston Town Shopping Centre',
176,0.55,Item 125,TAS,Invermay Discount Drug Store,,Gateway Shopping Centre (Launceston),1044.0,28,7000.0,1,Pharmacy 'Invermay Discount Drug Store' is 1044m from large shopping centre 'Gateway Shopping Centre (Launceston)',
177,0.55,Item 124,TAS,Chemist Warehouse,,Thirsty Camel Glenorchy,844.0,20,5000.0,1,Pharmacy 'Chemist Warehouse' is 844m from large shopping centre 'Thirsty Camel Glenorchy',
178,0.55,Item 125,TAS,Blooms The Chemist Glenorchy,"Shop 14, Glenorchy Shopping Centre, Eady St, Glenorchy TAS 7010",Glenorchy Central,1024.0,40,10000.0,1,Pharmacy 'Blooms The Chemist Glenorchy' is 1024m from large shopping centre 'Glenorchy Central',
179,0.55,Item 125,TAS,Blooms The Chemist Glenorchy,"Shop 14, Glenorchy Shopping Centre, Eady St, Glenorchy TAS 7010",Club Hotel,1196.0,20,5000.0,1,Pharmacy 'Blooms The Chemist Glenorchy' is 1196m from large shopping centre 'Club Hotel',
180,0.55,Item 125,TAS,Blooms The Chemist Glenorchy,"Shop 14, Glenorchy Shopping Centre, Eady St, Glenorchy TAS 7010",Thirsty Camel Glenorchy,1230.0,20,5000.0,1,Pharmacy 'Blooms The Chemist Glenorchy' is 1230m from large shopping centre 'Thirsty Camel Glenorchy',
181,0.55,Item 125,TAS,Blooms The Chemist Huonville,"59 Main Street, Huonville, TAS 7109",Coffee House Cafe,1394.0,20,5000.0,1,Pharmacy 'Blooms The Chemist Huonville' is 1394m from large shopping centre 'Coffee House Cafe',
182,0.55,Item 125,TAS,Chemists' Own Trevallyn Pharmacy,TAS,Anaconda,1448.0,20,5000.0,1,Pharmacy 'Chemists' Own Trevallyn Pharmacy' is 1448m from large shopping centre 'Anaconda',
183,0.55,Item 125,TAS,Burnie Chemmart Pharmacy,TAS,Shorewell Plaza,1492.0,20,5000.0,1,Pharmacy 'Burnie Chemmart Pharmacy' is 1492m from large shopping centre 'Shorewell Plaza',
184,0.55,Item 124,TAS,Amcal,"502, Main Road, Montrose, TAS, 7010",Glenorchy Central,829.0,40,10000.0,1,Pharmacy 'Amcal' is 829m from large shopping centre 'Glenorchy Central',
185,0.5,Item 124,TAS,Rhys Jones Pharmacy,"G2/13 Bayfield Street, BELLERIVE, TAS, 7018",Eastlands Shopping Centre,696.0,94,22000.0,2,Pharmacy 'Rhys Jones Pharmacy' is 696m from large shopping centre 'Eastlands Shopping Centre',pharmacy 696m from centre
186,0.5,Item 124,TAS,TerryWhite Chemmart Kingston Town,"Shop 10-15b Kingston Town Shopping Centre, 37-59 Maranoa Road, KINGSTON, TAS, 7050",Channel Court Shopping Centre,684.0,80,16000.0,4,Pharmacy 'TerryWhite Chemmart Kingston Town' is 684m from large shopping centre 'Channel Court Shopping Centre',pharmacy 684m from centre
187,0.5,Item 124,TAS,Chemist Warehouse South Launceston,"98 Wellington Street, LAUNCESTON, TAS, 7250",Mortys Complex,454.0,20,5000.0,2,Pharmacy 'Chemist Warehouse South Launceston' is 454m from large shopping centre 'Mortys Complex',pharmacy 454m from centre
188,0.5,Item 124,TAS,Fitzpatrick's Pharmacy,"231 Charles Street, LAUNCESTON, TAS, 7250",Mortys Complex,469.0,20,5000.0,2,Pharmacy 'Fitzpatrick's Pharmacy' is 469m from large shopping centre 'Mortys Complex',pharmacy 469m from centre
189,0.5,Item 124,TAS,Hatton & Laws Soul Pattinson Pharmacy,"102 Charles Street, LAUNCESTON, TAS, 7250",Centrepoint Shopping Centre,428.0,48,12000.0,3,Pharmacy 'Hatton & Laws Soul Pattinson Pharmacy' is 428m from large shopping centre 'Centrepoint Shopping Centre',pharmacy 428m from centre
190,0.5,Item 124,TAS,Hatton & Laws Soul Pattinson Pharmacy,"102 Charles Street, LAUNCESTON, TAS, 7250",City Block,429.0,32,8000.0,3,Pharmacy 'Hatton & Laws Soul Pattinson Pharmacy' is 429m from large shopping centre 'City Block',pharmacy 429m from centre
191,0.5,Item 124,TAS,Hatton & Laws Soul Pattinson Pharmacy,"102 Charles Street, LAUNCESTON, TAS, 7250",Mortys Complex,440.0,20,5000.0,2,Pharmacy 'Hatton & Laws Soul Pattinson Pharmacy' is 440m from large shopping centre 'Mortys Complex',pharmacy 440m from centre
192,0.5,Item 124,TAS,Pharmacy and Co Launceston,"68a Brisbane Street, LAUNCESTON, TAS, 7250",Mortys Complex,440.0,20,5000.0,2,Pharmacy 'Pharmacy and Co Launceston' is 440m from large shopping centre 'Mortys Complex',pharmacy 440m from centre
193,0.5,Item 124,TAS,TerryWhite Chemmart Launceston City,"27-29 Brisbane Street, LAUNCESTON, TAS, 7250",City Block,493.0,32,8000.0,3,Pharmacy 'TerryWhite Chemmart Launceston City' is 493m from large shopping centre 'City Block',pharmacy 493m from centre
194,0.5,Item 124,TAS,Chemist Warehouse Northgate Shopping Centre,"Shop G046 Northgate SC, 387-393 Main Road, GLENORCHY, TAS, 7010",Big W,369.0,20,5000.0,4,Pharmacy 'Chemist Warehouse Northgate Shopping Centre' is 369m from large shopping centre 'Big W',pharmacy 369m from centre
195,0.5,Item 124,TAS,Priceline Pharmacy Glenorchy,"346 Main Road, GLENORCHY, TAS, 7010",Northgate Shopping Centre,378.0,48,12000.0,2,Pharmacy 'Priceline Pharmacy Glenorchy' is 378m from large shopping centre 'Northgate Shopping Centre',pharmacy 378m from centre
196,0.5,Item 124,TAS,Blooms the Chemist Glenorchy,"Shop 14 Centro Glenorchy, GLENORCHY, TAS, 7010",Northgate Shopping Centre,349.0,48,12000.0,2,Pharmacy 'Blooms the Chemist Glenorchy' is 349m from large shopping centre 'Northgate Shopping Centre',pharmacy 349m from centre
197,0.5,Item 124,TAS,Burnie Plaza Pharmacy,"Shop 6 24 Mount Street, BURNIE, TAS, 7320",Metro Cinemas Burnie,360.0,24,6000.0,2,Pharmacy 'Burnie Plaza Pharmacy' is 360m from large shopping centre 'Metro Cinemas Burnie',pharmacy 360m from centre
198,0.5,Item 124,TAS,Elizabeth Street Pharmacy,"382-384 Elizabeth Street, NORTH HOBART, TAS, 7000",Cat & Fiddle Arcade,422.0,32,8000.0,2,Pharmacy 'Elizabeth Street Pharmacy' is 422m from large shopping centre 'Cat & Fiddle Arcade',pharmacy 422m from centre
199,0.5,Item 124,TAS,West Hobart Pharmacy,"111 Hill Street, WEST HOBART, TAS, 7000",Cat & Fiddle Arcade,480.0,32,8000.0,2,Pharmacy 'West Hobart Pharmacy' is 480m from large shopping centre 'Cat & Fiddle Arcade',pharmacy 480m from centre
200,0.5,Item 124,TAS,Chemist Warehouse,,Northgate Shopping Centre,399.0,48,12000.0,2,Pharmacy 'Chemist Warehouse' is 399m from large shopping centre 'Northgate Shopping Centre',pharmacy 399m from centre
201,0.45,Item 125,TAS,Warrane Pharmacy,"14 Edgeworth Street, WARRANE, TAS, 7018",Eastlands Shopping Centre,1029.0,94,22000.0,2,Pharmacy 'Warrane Pharmacy' is 1029m from large shopping centre 'Eastlands Shopping Centre',
202,0.45,Item 124,TAS,Bellerive Quay Pharmacy,"46 Cambridge Road, BELLERIVE, TAS, 7018",Eastlands Shopping Centre,886.0,94,22000.0,2,Pharmacy 'Bellerive Quay Pharmacy' is 886m from large shopping centre 'Eastlands Shopping Centre',
203,0.45,Item 125,TAS,Priceline Pharmacy Kingston,"SHOP 30, CHANNEL COURT SHOPPING CENTRE, CHANNEL HIGHWAY, KINGSTON, TAS, 7050",Channel Court Shopping Centre,1066.0,80,16000.0,3,Pharmacy 'Priceline Pharmacy Kingston' is 1066m from large shopping centre 'Channel Court Shopping Centre',
204,0.45,Item 124,TAS,Chemist Warehouse South Launceston,"98 Wellington Street, LAUNCESTON, TAS, 7250",Centrepoint Shopping Centre,574.0,48,12000.0,3,Pharmacy 'Chemist Warehouse South Launceston' is 574m from large shopping centre 'Centrepoint Shopping Centre',pharmacy 574m from centre
205,0.45,Item 124,TAS,Chemist Warehouse South Launceston,"98 Wellington Street, LAUNCESTON, TAS, 7250",City Block,587.0,32,8000.0,3,Pharmacy 'Chemist Warehouse South Launceston' is 587m from large shopping centre 'City Block',pharmacy 587m from centre
206,0.45,Item 124,TAS,Fitzpatrick's Pharmacy,"231 Charles Street, LAUNCESTON, TAS, 7250",Centrepoint Shopping Centre,507.0,48,12000.0,3,Pharmacy 'Fitzpatrick's Pharmacy' is 507m from large shopping centre 'Centrepoint Shopping Centre',pharmacy 507m from centre
207,0.45,Item 124,TAS,Fitzpatrick's Pharmacy,"231 Charles Street, LAUNCESTON, TAS, 7250",City Block,526.0,32,8000.0,3,Pharmacy 'Fitzpatrick's Pharmacy' is 526m from large shopping centre 'City Block',pharmacy 526m from centre
208,0.45,Item 124,TAS,TerryWhite Chemmart Launceston City,"27-29 Brisbane Street, LAUNCESTON, TAS, 7250",Centrepoint Shopping Centre,515.0,48,12000.0,3,Pharmacy 'TerryWhite Chemmart Launceston City' is 515m from large shopping centre 'Centrepoint Shopping Centre',pharmacy 515m from centre
209,0.45,Item 124,TAS,TerryWhite Chemmart Launceston City,"27-29 Brisbane Street, LAUNCESTON, TAS, 7250",Launceston Plaza,751.0,20,5000.0,2,Pharmacy 'TerryWhite Chemmart Launceston City' is 751m from large shopping centre 'Launceston Plaza',pharmacy 751m from centre
210,0.45,Item 124,TAS,TerryWhite Chemmart Launceston City,"27-29 Brisbane Street, LAUNCESTON, TAS, 7250",Young's Vegie Shed,765.0,20,5000.0,2,Pharmacy 'TerryWhite Chemmart Launceston City' is 765m from large shopping centre 'Young's Vegie Shed',pharmacy 765m from centre
211,0.45,Item 124,TAS,TerryWhite Chemmart Launceston City,"27-29 Brisbane Street, LAUNCESTON, TAS, 7250",Mortys Complex,766.0,20,5000.0,2,Pharmacy 'TerryWhite Chemmart Launceston City' is 766m from large shopping centre 'Mortys Complex',pharmacy 766m from centre
212,0.45,Item 124,TAS,Rosetta Pharmacy,"500 - 502 Main Road, MONTROSE, TAS, 7010",Northgate Shopping Centre,604.0,48,12000.0,2,Pharmacy 'Rosetta Pharmacy' is 604m from large shopping centre 'Northgate Shopping Centre',pharmacy 604m from centre
213,0.45,Item 124,TAS,Chemist Warehouse Hobart,"144 Murray Street, HOBART, TAS, 7000",Cat & Fiddle Arcade,776.0,32,8000.0,2,Pharmacy 'Chemist Warehouse Hobart' is 776m from large shopping centre 'Cat & Fiddle Arcade',pharmacy 776m from centre
214,0.45,Item 124,TAS,Davey Street Discount Pharmacy,"179 Davey Street, HOBART, TAS, 7000",Woolworths,624.0,20,5000.0,2,Pharmacy 'Davey Street Discount Pharmacy' is 624m from large shopping centre 'Woolworths',pharmacy 624m from centre
215,0.45,Item 124,TAS,Invermay Discount Drug Store,,Young's Vegie Shed,683.0,20,5000.0,2,Pharmacy 'Invermay Discount Drug Store' is 683m from large shopping centre 'Young's Vegie Shed',pharmacy 683m from centre
216,0.4,Item 125,TAS,Complete Care Pharmacy Health Hub,"Ground Floor, 237-241 Wellington Street, LAUNCESTON, TAS, 7250",Mortys Complex,1031.0,20,5000.0,2,Pharmacy 'Complete Care Pharmacy Health Hub' is 1031m from large shopping centre 'Mortys Complex',
217,0.4,Item 125,TAS,Complete Care Pharmacy Health Hub,"Ground Floor, 237-241 Wellington Street, LAUNCESTON, TAS, 7250",Centrepoint Shopping Centre,1120.0,48,12000.0,3,Pharmacy 'Complete Care Pharmacy Health Hub' is 1120m from large shopping centre 'Centrepoint Shopping Centre',
218,0.4,Item 125,TAS,Complete Care Pharmacy Health Hub,"Ground Floor, 237-241 Wellington Street, LAUNCESTON, TAS, 7250",City Block,1126.0,32,8000.0,3,Pharmacy 'Complete Care Pharmacy Health Hub' is 1126m from large shopping centre 'City Block',
219,0.4,Item 125,TAS,Fitzpatrick's Pharmacy,"231 Charles Street, LAUNCESTON, TAS, 7250",Young's Vegie Shed,1252.0,20,5000.0,2,Pharmacy 'Fitzpatrick's Pharmacy' is 1252m from large shopping centre 'Young's Vegie Shed',
220,0.4,Item 125,TAS,Fitzpatrick's Pharmacy,"231 Charles Street, LAUNCESTON, TAS, 7250",Launceston Plaza,1347.0,20,5000.0,2,Pharmacy 'Fitzpatrick's Pharmacy' is 1347m from large shopping centre 'Launceston Plaza',
221,0.4,Item 125,TAS,Chemist Warehouse Launceston,"112A -116 Charles Street, LAUNCESTON, TAS, 7250",Young's Vegie Shed,1401.0,20,5000.0,2,Pharmacy 'Chemist Warehouse Launceston' is 1401m from large shopping centre 'Young's Vegie Shed',
222,0.4,Item 125,TAS,Chemist Warehouse Launceston,"112A -116 Charles Street, LAUNCESTON, TAS, 7250",Launceston Plaza,1408.0,20,5000.0,2,Pharmacy 'Chemist Warehouse Launceston' is 1408m from large shopping centre 'Launceston Plaza',
223,0.4,Item 125,TAS,Pharmacy and Co Launceston,"68a Brisbane Street, LAUNCESTON, TAS, 7250",Young's Vegie Shed,1065.0,20,5000.0,2,Pharmacy 'Pharmacy and Co Launceston' is 1065m from large shopping centre 'Young's Vegie Shed',
224,0.4,Item 125,TAS,Pharmacy and Co Launceston,"68a Brisbane Street, LAUNCESTON, TAS, 7250",Launceston Plaza,1075.0,20,5000.0,2,Pharmacy 'Pharmacy and Co Launceston' is 1075m from large shopping centre 'Launceston Plaza',
225,0.4,Item 125,TAS,Chemist Warehouse Racecourse,"1-3 Innes Street, LAUNCESTON, TAS, 7250",City Block,1098.0,32,8000.0,3,Pharmacy 'Chemist Warehouse Racecourse' is 1098m from large shopping centre 'City Block',
226,0.4,Item 125,TAS,Chemist Warehouse Racecourse,"1-3 Innes Street, LAUNCESTON, TAS, 7250",Centrepoint Shopping Centre,1120.0,48,12000.0,3,Pharmacy 'Chemist Warehouse Racecourse' is 1120m from large shopping centre 'Centrepoint Shopping Centre',
227,0.4,Item 125,TAS,Chemist Warehouse Racecourse,"1-3 Innes Street, LAUNCESTON, TAS, 7250",Mortys Complex,1364.0,20,5000.0,2,Pharmacy 'Chemist Warehouse Racecourse' is 1364m from large shopping centre 'Mortys Complex',
228,0.4,Item 125,TAS,Priceline Pharmacy Launceston Plaza,"Launceston Shopping Plaza, Shop 1, 15 Racecourse Crescent, LAUNCESTON, TAS, 7250",City Block,1219.0,32,8000.0,3,Pharmacy 'Priceline Pharmacy Launceston Plaza' is 1219m from large shopping centre 'City Block',
229,0.4,Item 125,TAS,Priceline Pharmacy Launceston Plaza,"Launceston Shopping Plaza, Shop 1, 15 Racecourse Crescent, LAUNCESTON, TAS, 7250",Centrepoint Shopping Centre,1241.0,48,12000.0,3,Pharmacy 'Priceline Pharmacy Launceston Plaza' is 1241m from large shopping centre 'Centrepoint Shopping Centre',
230,0.4,Item 125,TAS,Priceline Pharmacy Launceston Plaza,"Launceston Shopping Plaza, Shop 1, 15 Racecourse Crescent, LAUNCESTON, TAS, 7250",Mortys Complex,1492.0,20,5000.0,2,Pharmacy 'Priceline Pharmacy Launceston Plaza' is 1492m from large shopping centre 'Mortys Complex',
231,0.4,Item 124,TAS,Westside Pharmacy,"42 Queen Street, ULVERSTONE, TAS, 7315",Ulverstone Bicycles,954.0,20,5000.0,3,Pharmacy 'Westside Pharmacy' is 954m from large shopping centre 'Ulverstone Bicycles',
232,0.4,Item 124,TAS,Rosetta Pharmacy,"500 - 502 Main Road, MONTROSE, TAS, 7010",Big W,929.0,20,5000.0,4,Pharmacy 'Rosetta Pharmacy' is 929m from large shopping centre 'Big W',
233,0.4,Item 124,TAS,Derwent Park Pharmacy,"254 Main Road, DERWENT PARK, TAS, 7009",Big W,861.0,20,5000.0,4,Pharmacy 'Derwent Park Pharmacy' is 861m from large shopping centre 'Big W',
234,0.4,Item 125,TAS,Derwent Park Pharmacy,"254 Main Road, DERWENT PARK, TAS, 7009",Northgate Shopping Centre,1183.0,48,12000.0,2,Pharmacy 'Derwent Park Pharmacy' is 1183m from large shopping centre 'Northgate Shopping Centre',
235,0.4,Item 125,TAS,Derwent Park Pharmacy,"254 Main Road, DERWENT PARK, TAS, 7009",Moonah Central,1188.0,20,5000.0,3,Pharmacy 'Derwent Park Pharmacy' is 1188m from large shopping centre 'Moonah Central',
236,0.4,Item 125,TAS,Pharmacy One,"Shop 5, 11 Wiseman Street, BURNIE, TAS, 7320",Upper Burnie Illusions2,1496.0,20,5000.0,2,Pharmacy 'Pharmacy One' is 1496m from large shopping centre 'Upper Burnie Illusions2',
237,0.4,Item 125,TAS,Chemist Warehouse New Town,"Shop 10 New Town Plaza 1 Risdon Road, NEW TOWN, TAS, 7008",Moonah Central,1451.0,20,5000.0,3,Pharmacy 'Chemist Warehouse New Town' is 1451m from large shopping centre 'Moonah Central',
238,0.4,Item 125,TAS,Slade Pharmacy New Town,"30 - 36 New Town Road, Shop 1, NEW TOWN, TAS, 7008",Cat & Fiddle Arcade,1235.0,32,8000.0,2,Pharmacy 'Slade Pharmacy New Town' is 1235m from large shopping centre 'Cat & Fiddle Arcade',
239,0.4,Item 124,TAS,Friendly Care Advantage Hobart,"103 Liverpool Street, HOBART, TAS, 7000",Cat & Fiddle Arcade,966.0,32,8000.0,2,Pharmacy 'Friendly Care Advantage Hobart' is 966m from large shopping centre 'Cat & Fiddle Arcade',
240,0.4,Item 125,TAS,Good Price Pharmacy Warehouse Hobart,"Shop 9 Wellington Centre, 42 - 44 Argyle Street, HOBART, TAS, 7000",Cat & Fiddle Arcade,1066.0,32,8000.0,2,Pharmacy 'Good Price Pharmacy Warehouse Hobart' is 1066m from large shopping centre 'Cat & Fiddle Arcade',
241,0.4,Item 125,TAS,HPS Pharmacies Hobart,"Hobart Private Hospital, 33 Argyle Street, HOBART, TAS, 7000",Cat & Fiddle Arcade,1166.0,32,8000.0,2,Pharmacy 'HPS Pharmacies Hobart' is 1166m from large shopping centre 'Cat & Fiddle Arcade',
242,0.4,Item 125,TAS,Chemist Warehouse Hobart City Centre,"Corner 34 Elizabeth & 96 Collins Street, HOBART, TAS, 7000",Cat & Fiddle Arcade,1164.0,32,8000.0,2,Pharmacy 'Chemist Warehouse Hobart City Centre' is 1164m from large shopping centre 'Cat & Fiddle Arcade',
243,0.4,Item 125,TAS,Chemist Warehouse Hobart City Centre,"Corner 34 Elizabeth & 96 Collins Street, HOBART, TAS, 7000",Woolworths,1495.0,20,5000.0,2,Pharmacy 'Chemist Warehouse Hobart City Centre' is 1495m from large shopping centre 'Woolworths',
244,0.4,Item 125,TAS,Capital Chemist Hobart,"232 - 242 Liverpool Street, Tenancy 4, Hobart, TAS, 7000",Cat & Fiddle Arcade,1075.0,32,8000.0,2,Pharmacy 'Capital Chemist Hobart' is 1075m from large shopping centre 'Cat & Fiddle Arcade',
245,0.4,Item 125,TAS,Capital Chemist Hobart,"232 - 242 Liverpool Street, Tenancy 4, Hobart, TAS, 7000",Woolworths,1108.0,20,5000.0,2,Pharmacy 'Capital Chemist Hobart' is 1108m from large shopping centre 'Woolworths',
246,0.4,Item 124,TAS,Complete Care Pharmacy South Hobart,"360 Macquarie Street, SOUTH HOBART, TAS, 7004",Woolworths,862.0,20,5000.0,2,Pharmacy 'Complete Care Pharmacy South Hobart' is 862m from large shopping centre 'Woolworths',
247,0.4,Item 124,TAS,Chemist Warehouse Salamanca,"16 Montpelier Retreat, BATTERY POINT, TAS, 7004",Woolworths,981.0,20,5000.0,2,Pharmacy 'Chemist Warehouse Salamanca' is 981m from large shopping centre 'Woolworths',
248,0.4,Item 124,TAS,TerryWhite Chemmart Kingston Town,"Shop 10-15b Kingston Town Shopping Centre, 37-59 Maranoa Road, KINGSTON, TAS, 7050",Kingston Plaza,916.0,20,5000.0,5,Pharmacy 'TerryWhite Chemmart Kingston Town' is 916m from large shopping centre 'Kingston Plaza',
249,0.4,Item 125,TAS,Priceline Hobart,"SHOP FF1, ELIZABETH PLAZA CENTRE, 60 - 64 ELIZABETH STREET, HOBART, TAS, 7000",Cat & Fiddle Arcade,1056.0,32,8000.0,2,Pharmacy 'Priceline Hobart' is 1056m from large shopping centre 'Cat & Fiddle Arcade',
250,0.4,Item 125,TAS,Priceline Pharmacy Kingston,"SHOP 30, CHANNEL COURT SHOPPING CENTRE, CHANNEL HIGHWAY, KINGSTON, TAS, 7050",Kingston Plaza,1280.0,20,5000.0,4,Pharmacy 'Priceline Pharmacy Kingston' is 1280m from large shopping centre 'Kingston Plaza',
251,0.4,Item 124,TAS,Macquarie Pharmacy,,Woolworths,981.0,20,5000.0,2,Pharmacy 'Macquarie Pharmacy' is 981m from large shopping centre 'Woolworths',
252,0.4,Item 125,TAS,Macquarie Pharmacy,,Cat & Fiddle Arcade,1283.0,32,8000.0,2,Pharmacy 'Macquarie Pharmacy' is 1283m from large shopping centre 'Cat & Fiddle Arcade',
253,0.4,Item 124,TAS,Invermay Discount Drug Store,,Launceston Plaza,914.0,20,5000.0,2,Pharmacy 'Invermay Discount Drug Store' is 914m from large shopping centre 'Launceston Plaza',
254,0.4,Item 125,TAS,Invermay Discount Drug Store,,City Block,1172.0,32,8000.0,3,Pharmacy 'Invermay Discount Drug Store' is 1172m from large shopping centre 'City Block',
255,0.4,Item 125,TAS,Invermay Discount Drug Store,,Centrepoint Shopping Centre,1175.0,48,12000.0,3,Pharmacy 'Invermay Discount Drug Store' is 1175m from large shopping centre 'Centrepoint Shopping Centre',
256,0.4,Item 125,TAS,Invermay Discount Drug Store,,Mortys Complex,1296.0,20,5000.0,2,Pharmacy 'Invermay Discount Drug Store' is 1296m from large shopping centre 'Mortys Complex',
257,0.4,Item 125,TAS,Blooms The Chemist Glenorchy,"Shop 14, Glenorchy Shopping Centre, Eady St, Glenorchy TAS 7010",Northgate Shopping Centre,1077.0,48,12000.0,2,Pharmacy 'Blooms The Chemist Glenorchy' is 1077m from large shopping centre 'Northgate Shopping Centre',
258,0.4,Item 125,TAS,Blooms The Chemist Glenorchy,"Shop 14, Glenorchy Shopping Centre, Eady St, Glenorchy TAS 7010",Big W,1078.0,20,5000.0,4,Pharmacy 'Blooms The Chemist Glenorchy' is 1078m from large shopping centre 'Big W',
259,0.4,Item 125,TAS,Chemists' Own Trevallyn Pharmacy,TAS,Mortys Complex,1481.0,20,5000.0,2,Pharmacy 'Chemists' Own Trevallyn Pharmacy' is 1481m from large shopping centre 'Mortys Complex',
260,0.4,Item 124,TAS,Amcal,"502, Main Road, Montrose, TAS, 7010",Northgate Shopping Centre,993.0,48,12000.0,2,Pharmacy 'Amcal' is 993m from large shopping centre 'Northgate Shopping Centre',
261,0.4,Item 125,TAS,Amcal,"502, Main Road, Montrose, TAS, 7010",Big W,1312.0,20,5000.0,4,Pharmacy 'Amcal' is 1312m from large shopping centre 'Big W',
262,0.4,Item 124,TAS,Blooms The Chemist,"71, Bathurst Street, Hobart, TAS, 7000",Cat & Fiddle Arcade,898.0,32,8000.0,2,Pharmacy 'Blooms The Chemist' is 898m from large shopping centre 'Cat & Fiddle Arcade',
263,0.4,Item 125,TAS,Priceline Pharmacy,TAS,Young's Vegie Shed,1302.0,20,5000.0,2,Pharmacy 'Priceline Pharmacy' is 1302m from large shopping centre 'Young's Vegie Shed',
264,0.4,Item 125,TAS,Priceline Pharmacy,TAS,Launceston Plaza,1320.0,20,5000.0,2,Pharmacy 'Priceline Pharmacy' is 1320m from large shopping centre 'Launceston Plaza',
265,0.3,Item 122,TAS,TerryWhite Chemmart Prospect Vale,"Shop 16 Prospect Vale Marketplace, 350 Westbury Road, PROSPECT VALE, TAS, 7250",Prospect Marketplace,14.0,20,,?,Pharmacy 'TerryWhite Chemmart Prospect Vale' is inside 'Prospect Marketplace' (20 tenants),pharmacy 14m from centre
266,0.3,Item 122,TAS,Meadow Mews Pharmacy,"Shop 15 Meadow Mews Shopping Centre, 102 - 106 Hobart Road, KINGS MEADOWS, TAS, 7249",Meadow Mews,8.0,20,,?,Pharmacy 'Meadow Mews Pharmacy' is inside 'Meadow Mews' (20 tenants),pharmacy 8m from centre
267,0.3,Item 122,TAS,Pharmacy and Co Kings Meadows,"133 Hobart Road, KINGS MEADOWS, TAS, 7249",Meadow Mews Shopping Centre,103.0,22,,?,Pharmacy 'Pharmacy and Co Kings Meadows' is inside 'Meadow Mews Shopping Centre' (22 tenants),pharmacy 103m from centre
268,0.3,Item 122,TAS,Slade Pharmacy Kings Meadows,"86 Hobart Road, KINGS MEADOWS, TAS, 7249",Shiploads,29.0,20,,?,Pharmacy 'Slade Pharmacy Kings Meadows' is inside 'Shiploads' (20 tenants),pharmacy 29m from centre
269,0.3,Item 122,TAS,Chemist Warehouse South Launceston,"98 Wellington Street, LAUNCESTON, TAS, 7250",Reddy Express,167.0,20,,?,Pharmacy 'Chemist Warehouse South Launceston' is inside 'Reddy Express' (20 tenants),pharmacy 167m from centre
270,0.3,Item 122,TAS,Fitzpatrick's Pharmacy,"231 Charles Street, LAUNCESTON, TAS, 7250",Anaconda,276.0,20,,?,Pharmacy 'Fitzpatrick's Pharmacy' is inside 'Anaconda' (20 tenants),pharmacy 276m from centre
271,0.3,Item 122,TAS,Chemist Warehouse Launceston,"112A -116 Charles Street, LAUNCESTON, TAS, 7250",Mortys Complex,127.0,20,,?,Pharmacy 'Chemist Warehouse Launceston' is inside 'Mortys Complex' (20 tenants),pharmacy 127m from centre
272,0.3,Item 122,TAS,TerryWhite Chemmart Riverside,"Shop 3/4 Riverside Plaza, 304-310 West Tamar Highway, RIVERSIDE, TAS, 7250",Woolworths Riverside,16.0,20,,?,Pharmacy 'TerryWhite Chemmart Riverside' is inside 'Woolworths Riverside' (20 tenants),pharmacy 16m from centre
273,0.3,Item 122,TAS,Pharmacy and Co Launceston,"68a Brisbane Street, LAUNCESTON, TAS, 7250",City Block,197.0,32,,?,Pharmacy 'Pharmacy and Co Launceston' is inside 'City Block' (32 tenants),pharmacy 197m from centre
274,0.3,Item 122,TAS,TerryWhite Chemmart Launceston City,"27-29 Brisbane Street, LAUNCESTON, TAS, 7250",Gateway Shopping Centre (Launceston),216.0,28,,?,Pharmacy 'TerryWhite Chemmart Launceston City' is inside 'Gateway Shopping Centre (Launceston)' (28 tenants),pharmacy 216m from centre
275,0.3,Item 122,TAS,Priceline Pharmacy Launceston Plaza,"Launceston Shopping Plaza, Shop 1, 15 Racecourse Crescent, LAUNCESTON, TAS, 7250",Launceston Plaza,24.0,20,,?,Pharmacy 'Priceline Pharmacy Launceston Plaza' is inside 'Launceston Plaza' (20 tenants),pharmacy 24m from centre
276,0.3,Item 122,TAS,TerryWhite Chemmart Mowbray,"4/282 Invermay Road, MOWBRAY, TAS, 7248",Mowbray Marketplace,173.0,20,,?,Pharmacy 'TerryWhite Chemmart Mowbray' is inside 'Mowbray Marketplace' (20 tenants),pharmacy 173m from centre
277,0.3,Item 122,TAS,Chemist Warehouse Mowbray,"Shop 8, 25 Vermont Road, MOWBRAY, TAS, 7248",Mowbray Marketplace,118.0,20,,?,Pharmacy 'Chemist Warehouse Mowbray' is inside 'Mowbray Marketplace' (20 tenants),pharmacy 118m from centre
278,0.3,Item 122,TAS,TerryWhite Chemmart Latrobe,"45a Gilbert Street, LATROBE, TAS, 7307",The Fashion Treadmil,183.0,20,,?,Pharmacy 'TerryWhite Chemmart Latrobe' is inside 'The Fashion Treadmil' (20 tenants),pharmacy 183m from centre
279,0.3,Item 122,TAS,West Tamar Pharmacy,"144 Weld Street, BEACONSFIELD, TAS, 7270",IGA X-press Beaconsfield (BLH),143.0,20,,?,Pharmacy 'West Tamar Pharmacy' is inside 'IGA X-press Beaconsfield (BLH)' (20 tenants),pharmacy 143m from centre
280,0.3,Item 122,TAS,Priceline Pharmacy Ulverstone,"66 Reibey Street, ULVERSTONE, TAS, 7315",Ulverstone Bicycles,167.0,20,,?,Pharmacy 'Priceline Pharmacy Ulverstone' is inside 'Ulverstone Bicycles' (20 tenants),pharmacy 167m from centre
281,0.3,Item 122,TAS,Peter Thompson's Pharmacy,"13 Reibey Street, ULVERSTONE, TAS, 7315",Ulverstone Bicycles,221.0,20,,?,Pharmacy 'Peter Thompson's Pharmacy' is inside 'Ulverstone Bicycles' (20 tenants),pharmacy 221m from centre
282,0.3,Item 122,TAS,Fullife Pharmacy - Ulverstone,"24 King Edward Street, ULVERSTONE, TAS, 7315",Ulverstone Bicycles,262.0,20,,?,Pharmacy 'Fullife Pharmacy - Ulverstone' is inside 'Ulverstone Bicycles' (20 tenants),pharmacy 262m from centre
283,0.3,Item 122,TAS,Blooms the Chemist New Norfolk,"4-6 High Street, NEW NORFOLK, TAS, 7140",Mountain Engineering,198.0,20,,?,Pharmacy 'Blooms the Chemist New Norfolk' is inside 'Mountain Engineering' (20 tenants),pharmacy 198m from centre
284,0.3,Item 122,TAS,Westside Pharmacy,"42 Queen Street, ULVERSTONE, TAS, 7315",Home Timber & Hardware Ulverstone Building Centre,167.0,20,,?,Pharmacy 'Westside Pharmacy' is inside 'Home Timber & Hardware Ulverstone Building Centre' (20 tenants),pharmacy 167m from centre
285,0.3,Item 122,TAS,Priceline Pharmacy Bridgewater,"28 Green Point Road, BRIDGEWATER, TAS, 7030",Green Point Plaza,82.0,20,,?,Pharmacy 'Priceline Pharmacy Bridgewater' is inside 'Green Point Plaza' (20 tenants),pharmacy 82m from centre
286,0.3,Item 122,TAS,Claremont Pharmacy,"14 Box Hill Road, CLAREMONT, TAS, 7011",Claremont Village Shopping Centre,96.0,20,,?,Pharmacy 'Claremont Pharmacy' is inside 'Claremont Village Shopping Centre' (20 tenants),pharmacy 96m from centre
287,0.3,Item 122,TAS,Claremont Plaza Advantage Pharmacy,"Shop 20-23 Claremont Plaza, 35 Main Road, CLAREMONT, TAS, 7011",Claremont Village Shopping Centre,0.0,20,,?,Pharmacy 'Claremont Plaza Advantage Pharmacy' is inside 'Claremont Village Shopping Centre' (20 tenants),
288,0.3,Item 122,TAS,Rosetta Pharmacy,"500 - 502 Main Road, MONTROSE, TAS, 7010",Thirsty Camel Glenorchy,167.0,20,,?,Pharmacy 'Rosetta Pharmacy' is inside 'Thirsty Camel Glenorchy' (20 tenants),pharmacy 167m from centre
289,0.3,Item 122,TAS,Chemist Warehouse Northgate Shopping Centre,"Shop G046 Northgate SC, 387-393 Main Road, GLENORCHY, TAS, 7010",Northgate Shopping Centre,85.0,48,,?,Pharmacy 'Chemist Warehouse Northgate Shopping Centre' is inside 'Northgate Shopping Centre' (48 tenants),pharmacy 85m from centre
290,0.3,Item 122,TAS,Richmond Pharmacy,"25A Bridge Street, RICHMOND, TAS, 7025",The Richmond Arms Hotel,48.0,20,,?,Pharmacy 'Richmond Pharmacy' is inside 'The Richmond Arms Hotel' (20 tenants),pharmacy 48m from centre
291,0.3,Item 122,TAS,Chemist Warehouse Glenorchy,"371 Main Road, GLENORCHY, TAS, 7010",Big W,120.0,20,,?,Pharmacy 'Chemist Warehouse Glenorchy' is inside 'Big W' (20 tenants),pharmacy 120m from centre
292,0.3,Item 122,TAS,Priceline Pharmacy Glenorchy,"346 Main Road, GLENORCHY, TAS, 7010",Big W,74.0,20,,?,Pharmacy 'Priceline Pharmacy Glenorchy' is inside 'Big W' (20 tenants),pharmacy 74m from centre
293,0.3,Item 122,TAS,Friendly Care Advantage Moonah,"67 Hopkins Street, MOONAH, TAS, 7009",Moonah Central,163.0,20,,?,Pharmacy 'Friendly Care Advantage Moonah' is inside 'Moonah Central' (20 tenants),pharmacy 163m from centre
294,0.3,Item 122,TAS,Chemist Warehouse Moonah,"68-74 Main Road, MOONAH, TAS, 7009",Moonah Central,153.0,20,,?,Pharmacy 'Chemist Warehouse Moonah' is inside 'Moonah Central' (20 tenants),pharmacy 153m from centre
295,0.3,Item 122,TAS,Upper Burnie Pharmacy,"205 Mount Street, UPPER BURNIE, TAS, 7320",Upper Burnie Illusions2,29.0,20,,?,Pharmacy 'Upper Burnie Pharmacy' is inside 'Upper Burnie Illusions2' (20 tenants),pharmacy 29m from centre
296,0.3,Item 122,TAS,Pharmacy One,"Shop 5, 11 Wiseman Street, BURNIE, TAS, 7320",Shorewell Plaza,18.0,20,,?,Pharmacy 'Pharmacy One' is inside 'Shorewell Plaza' (20 tenants),pharmacy 18m from centre
297,0.3,Item 122,TAS,Chemist Warehouse New Town,"Shop 10 New Town Plaza 1 Risdon Road, NEW TOWN, TAS, 7008",New Town Plaza,25.0,20,,?,Pharmacy 'Chemist Warehouse New Town' is inside 'New Town Plaza' (20 tenants),pharmacy 25m from centre
298,0.3,Item 122,TAS,Burnie Plaza Pharmacy,"Shop 6 24 Mount Street, BURNIE, TAS, 7320",Burnie Plaza,3.0,20,,?,Pharmacy 'Burnie Plaza Pharmacy' is inside 'Burnie Plaza' (20 tenants),pharmacy 3m from centre
299,0.3,Item 122,TAS,North Hobart Pharmacy,"360 Elizabeth Street, NORTH HOBART, TAS, 7000",Cat & Fiddle Arcade,250.0,32,,?,Pharmacy 'North Hobart Pharmacy' is inside 'Cat & Fiddle Arcade' (32 tenants),pharmacy 250m from centre
300,0.3,Item 122,TAS,Chemist Warehouse North Hobart,"Shop 5, 346-352 Elizabeth Street, North Hobart, TAS, 7000",Cat & Fiddle Arcade,294.0,32,,?,Pharmacy 'Chemist Warehouse North Hobart' is inside 'Cat & Fiddle Arcade' (32 tenants),pharmacy 294m from centre
301,0.3,Item 122,TAS,TerryWhite Chemmart Burnie,"56 Bass Highway, COOEE, TAS, 7320",Auto One,89.0,20,,?,Pharmacy 'TerryWhite Chemmart Burnie' is inside 'Auto One' (20 tenants),pharmacy 89m from centre
302,0.3,Item 122,TAS,Chemist Warehouse Eastlands Shopping Centre,"Shop G017, Eastlands Shopping Centre, 26 Bligh Street, ROSNY PARK, TAS, 7018",Eastlands Shopping Centre,53.0,94,,?,Pharmacy 'Chemist Warehouse Eastlands Shopping Centre' is inside 'Eastlands Shopping Centre' (94 tenants),pharmacy 53m from centre
303,0.3,Item 122,TAS,Complete Care Pharmacy Rosny Park,"8 Bayfield Street, Tenancy A, Ground Floor 8, ROSNY PARK, TAS, 7018",Eastlands Shopping Centre,183.0,94,,?,Pharmacy 'Complete Care Pharmacy Rosny Park' is inside 'Eastlands Shopping Centre' (94 tenants),pharmacy 183m from centre
304,0.3,Item 122,TAS,Chemist Warehouse Sandy Bay,"Tenancy 2, 201-205 Sandy Bay Road, SANDY BAY, TAS, 7005",Woolworths,97.0,20,,?,Pharmacy 'Chemist Warehouse Sandy Bay' is inside 'Woolworths' (20 tenants),pharmacy 97m from centre
305,0.3,Item 122,TAS,Bellerive Quay Pharmacy,"46 Cambridge Road, BELLERIVE, TAS, 7018",Bellerive Quay,67.0,24,,?,Pharmacy 'Bellerive Quay Pharmacy' is inside 'Bellerive Quay' (24 tenants),pharmacy 67m from centre
306,0.3,Item 122,TAS,Good Price Pharmacy Warehouse Cambridge,"Shop A3, Harvey Norman Centre, 66 Kennedy Drive, CAMBRIDGE, TAS, 7170",Cambridge Park,46.0,20,,?,Pharmacy 'Good Price Pharmacy Warehouse Cambridge' is inside 'Cambridge Park' (20 tenants),pharmacy 46m from centre
307,0.3,Item 122,TAS,Shoreline Amcal Pharmacy,"Shop 20 Shoreline Shopping Centre, 6 Shoreline Drive, HOWRAH, TAS, 7018",Shoreline Shopping Centre,0.0,48,,?,Pharmacy 'Shoreline Amcal Pharmacy' is inside 'Shoreline Shopping Centre' (48 tenants),
308,0.3,Item 122,TAS,Blooms The Chemist Huonville,"59 Main Street, HUONVILLE, TAS, 7109",Coffee House Cafe,275.0,20,,?,Pharmacy 'Blooms The Chemist Huonville' is inside 'Coffee House Cafe' (20 tenants),pharmacy 275m from centre
309,0.3,Item 122,TAS,Chemist Warehouse Sorell,"2 Gordon Street, SORELL, TAS, 7172",Gateway Shopping Centre,132.0,20,,?,Pharmacy 'Chemist Warehouse Sorell' is inside 'Gateway Shopping Centre' (20 tenants),pharmacy 132m from centre
310,0.3,Item 122,TAS,Blooms The Chemist Huonville Arcade,"Shop 6 Huon Arcade 13 Main Street, HUONVILLE, TAS, 7109",Coffee House Cafe,41.0,20,,?,Pharmacy 'Blooms The Chemist Huonville Arcade' is inside 'Coffee House Cafe' (20 tenants),pharmacy 41m from centre
311,0.3,Item 122,TAS,TerryWhite Chemmart Sorell,"31 Gordon Street, SORELL, TAS, 7172",Sorell Village,59.0,20,,?,Pharmacy 'TerryWhite Chemmart Sorell' is inside 'Sorell Village' (20 tenants),pharmacy 59m from centre
312,0.3,Item 122,TAS,Kingborough Pharmacy,"11 John Street, KINGSTON, TAS, 7050",Kingston Plaza,146.0,20,,?,Pharmacy 'Kingborough Pharmacy' is inside 'Kingston Plaza' (20 tenants),pharmacy 146m from centre
313,0.3,Item 122,TAS,TerryWhite Chemmart Kingston Plaza,"Shop 8 - 9 Kingston Plaza, 20 Channel Highway, KINGSTON, TAS, 7050",Kingston Plaza,56.0,20,,?,Pharmacy 'TerryWhite Chemmart Kingston Plaza' is inside 'Kingston Plaza' (20 tenants),pharmacy 56m from centre
314,0.3,Item 122,TAS,Good Price Pharmacy Warehouse Kingston,"Shop 3 Kingston Gateway, 14 Channel Highway, KINGSTON, TAS, 7050",Kingston Plaza,144.0,20,,?,Pharmacy 'Good Price Pharmacy Warehouse Kingston' is inside 'Kingston Plaza' (20 tenants),pharmacy 144m from centre
315,0.3,Item 122,TAS,Priceline Pharmacy Kingston,"Shop 30 Channel Court Shopping Centre, 29 Channel Highway, KINGSTON, TAS, 7050",Channel Court Shopping Centre,13.0,80,,?,Pharmacy 'Priceline Pharmacy Kingston' is inside 'Channel Court Shopping Centre' (80 tenants),pharmacy 13m from centre
316,0.3,Item 122,TAS,TerryWhite Chemmart Kingston Town,"Shop 10-15b Kingston Town Shopping Centre, 37-59 Maranoa Road, KINGSTON, TAS, 7050",Kingston Town Shopping Centre,3.0,20,,?,Pharmacy 'TerryWhite Chemmart Kingston Town' is inside 'Kingston Town Shopping Centre' (20 tenants),pharmacy 3m from centre
317,0.3,Item 122,TAS,Dover Pharmacy,"Shop 2 Southgate Shopping Centre, 2 Station Road, DOVER, TAS, 7117",Southgate Shopping Centre,3.0,20,,?,Pharmacy 'Dover Pharmacy' is inside 'Southgate Shopping Centre' (20 tenants),pharmacy 3m from centre
318,0.3,Item 122,TAS,Blooms the Chemist St Helen's,"36 Cecilia Street, ST HELENS, TAS, 7216",St Helens Central,189.0,20,,?,Pharmacy 'Blooms the Chemist St Helen's' is inside 'St Helens Central' (20 tenants),pharmacy 189m from centre
319,0.3,Item 122,TAS,Evandale Pharmacy,"8A High Street, EVANDALE, TAS, 7212",Lake Leather,221.0,20,,?,Pharmacy 'Evandale Pharmacy' is inside 'Lake Leather' (20 tenants),pharmacy 221m from centre
320,0.3,Item 122,TAS,Chemist Warehouse Moonah,"38 to 74 Main Road, Moonah, TAS, 7009",Moonah Central,179.0,20,,?,Pharmacy 'Chemist Warehouse Moonah' is inside 'Moonah Central' (20 tenants),pharmacy 179m from centre
321,0.3,Item 122,TAS,Chemist Warehouse Mowbray,"Shop 8 25 Vermont Road, Mowbray, TAS, 7248",Mowbray Marketplace,38.0,20,,?,Pharmacy 'Chemist Warehouse Mowbray' is inside 'Mowbray Marketplace' (20 tenants),pharmacy 38m from centre
322,0.3,Item 122,TAS,TerryWhite Chemmart Kingston Plaza,"Shops 8 and 9, Kingston Plaza Shopping Centre, 20 Channel Highway, Kingston, TAS, 7050",Kingston Plaza,88.0,20,,?,Pharmacy 'TerryWhite Chemmart Kingston Plaza' is inside 'Kingston Plaza' (20 tenants),pharmacy 88m from centre
323,0.3,Item 122,TAS,Chemist Warehouse,,Big W,81.0,20,,?,Pharmacy 'Chemist Warehouse' is inside 'Big W' (20 tenants),pharmacy 81m from centre
324,0.3,Item 122,TAS,Amcal+ Pharmacy Howrah - Shoreline,"6 Shoreline Drive, Shoreline Shopping Centre, Howrah TAS 7018",Shoreline Shopping Centre,228.0,48,,?,Pharmacy 'Amcal+ Pharmacy Howrah - Shoreline' is inside 'Shoreline Shopping Centre' (48 tenants),pharmacy 228m from centre
325,0.3,Item 122,TAS,Chemists' Own Trevallyn Pharmacy,TAS,Bella Plaza,9.0,20,,?,Pharmacy 'Chemists' Own Trevallyn Pharmacy' is inside 'Bella Plaza' (20 tenants),pharmacy 9m from centre
326,0.3,Item 122,TAS,TerryWhite Chemmart,TAS,The Reject Shop,44.0,20,,?,Pharmacy 'TerryWhite Chemmart' is inside 'The Reject Shop' (20 tenants),pharmacy 44m from centre
327,0.3,Item 122,TAS,Dixon's Pharmacy,TAS,Subway,116.0,20,,?,Pharmacy 'Dixon's Pharmacy' is inside 'Subway' (20 tenants),pharmacy 116m from centre
328,0.3,Item 122,TAS,Good Price Pharmacy,TAS,Cambridge Park,164.0,20,,?,Pharmacy 'Good Price Pharmacy' is inside 'Cambridge Park' (20 tenants),pharmacy 164m from centre
329,0.3,Item 122,TAS,Priceline Pharmacy,TAS,Centrepoint Shopping Centre,119.0,48,,?,Pharmacy 'Priceline Pharmacy' is inside 'Centrepoint Shopping Centre' (48 tenants),pharmacy 119m from centre
